id;product_id;quantity_available;cost_price;created_at;updated_at
13674293-271a-4038-b81b-f979c851bd5e;4d2f0414-f7e1-4bef-bac9-0dcca3542219;0;78000.00;2026-02-12 15:22:37.067776+00;2026-04-09 15:31:39.778682+00
cc3cc946-eb82-450a-aa51-64c78887a02e;3e75cc5f-fb56-43a9-ba53-da018599d5dd;0;26000.00;2026-01-29 08:52:50.537164+00;2026-04-09 15:31:46.763745+00
3106a548-67ba-40cd-958c-93b8a36d2eda;4c606062-d69c-4775-bd75-dc311e84e89f;3;14888.95;2026-05-18 09:01:51.987082+00;2026-05-18 09:01:51.987082+00
24f43358-4ed3-48c3-b643-e70c3e809122;cb8dd565-202b-494c-a8ac-ec7e08a78d3d;1;20000;2026-04-21 11:01:08.115614+00;2026-04-21 11:01:08.115614+00
4dabb1a7-3567-4497-8378-8c6ee457fae7;633b4b61-6aef-408d-996e-a58058b431a0;3;47857.33;2026-05-18 12:53:48.223338+00;2026-05-18 12:53:48.223338+00
8a76a63d-cb12-4c3e-84d4-988dadc1baf7;3ad32e2a-0f7e-4cec-9e95-ebd735228e99;4;66382.07;2026-04-21 12:51:46.822059+00;2026-04-23 08:16:01.626946+00
96cadf9e-d118-45f6-acb7-3b6e7a8c0e89;7caed666-b017-43fb-9823-81e66e3faaea;4;51063.13;2026-04-21 13:10:40.568028+00;2026-04-23 08:21:05.815661+00
29443a8d-7ded-4ffb-a9c4-f4b4d318194e;40d561d7-ff71-4dd0-acfd-495bcb7455ed;1;19142.93;2026-05-18 12:54:54.348178+00;2026-05-18 12:54:54.348178+00
e95031ae-354a-4046-9561-14ee47638aec;a00842ab-b598-4002-97bd-f9f2a03ac329;2;78637.22;2026-04-21 14:58:28.382925+00;2026-04-23 08:30:27.294606+00
7a728a4b-37c0-44d9-b4e0-fa4b92ae429c;78849f62-975a-4999-b025-36d14777fe2a;2;25531.57;2026-04-21 15:04:43.383171+00;2026-04-23 08:33:10.205912+00
2031532a-646d-4147-9625-20077a06c567;c4ec2c32-62b4-4ae0-ad05-89f63fd2040a;2;7444.47;2026-05-18 12:56:00.609982+00;2026-05-18 12:56:00.609982+00
0b2f15d7-3ac7-4213-997f-3c9a3e0dfa7d;9600366b-c784-49d1-a169-fede0d63b718;2;15952.44;2026-05-19 08:38:41.361968+00;2026-05-19 08:38:41.361968+00
b98d5f05-3a26-4710-b553-fb60c313c360;beb31d24-a69d-431b-af9a-6337b9be3842;6;12413.31;2026-04-21 13:39:17.973709+00;2026-04-23 08:39:39.843256+00
d9aff588-fcd3-4fd2-be14-f7e1b0a860ed;ce6ac8de-b94f-49df-96d3-d03c299afccc;0;10643.81;2026-04-23 09:00:50.851992+00;2026-04-23 09:02:55.082596+00
3dd7df4b-bb78-40b6-8b11-8c0139697ad8;a0ef69a9-b34a-4e7b-94d5-42fcf743537a;6;12761.95;2026-05-19 09:02:09.124731+00;2026-05-19 09:02:09.124731+00
3dc747e6-764f-4b94-aaee-3db87ea8ee80;fecb237c-2f43-4a38-b670-7b20f61b47bc;6;21801.67;2026-05-19 15:58:08.796895+00;2026-05-19 15:58:08.796895+00
953a71ae-7bd6-4a21-8577-052c96b171ae;2bdc468c-b536-4770-bca9-8c1929c7916b;4;69127.25;2026-05-19 16:06:18.636155+00;2026-05-19 16:06:18.636155+00
e9f2d2d7-3fa5-43bf-9496-9c692af9c8c0;282536c2-2d54-4a73-a8de-c15b3f37333a;0;23855.41;2026-05-07 13:55:13.933755+00;2026-05-07 14:03:02.897041+00
58e40cbd-49b9-4149-a44e-c56b9f63fd8b;dc4b7469-0f4c-4f7d-b9ca-66523e42f44d;1;46692.88;2026-01-29 08:52:50.537164+00;2026-05-21 14:08:52.864027+00
8ac577fe-5643-48a9-a5d2-659a6a987de9;e3d6682f-7455-4043-b891-596bc3fdc7e1;4;30637.88;2026-04-21 13:30:03.405176+00;2026-05-21 16:05:57.100022+00
671a6241-00bc-49d6-a710-32db18c1fa1e;a41fd92b-20fb-4a08-916a-4e5c6be45985;4;54126.92;2026-04-21 14:47:33.077849+00;2026-05-09 10:02:08.082787+00
58812bf6-d49a-423d-a15c-da54b1247a3c;bf2050e5-c9b0-4371-a2b8-5249309e0247;16;6741.75;2026-01-28 09:08:28.753531+00;2026-05-11 11:36:11.464875+00
072e3058-c671-4a54-9d8e-7efa97c622d9;d7516988-ca63-4a17-9967-fb1466e91183;0;139649.7;2026-04-21 15:27:49.125306+00;2026-05-11 11:37:30.280825+00
cbf9bc76-f25d-4cc3-b178-b77915aee07c;51018d12-7f8e-4399-bbcb-9fa29f6bec09;1;56894.32;2026-04-21 13:37:52.394855+00;2026-05-13 15:09:12.681046+00
e7301478-1859-4f30-b7f2-9b9590dec074;4dc66e1c-18ed-4335-9ec1-118def0cdb8c;6;32166.21;2026-01-29 08:52:50.537164+00;2026-05-14 12:51:24.543948+00
f572a949-a85b-40ff-91e8-8c52980c69e4;a7031f52-59a2-4c34-942f-c1f0163ff8ba;1;35000.00;2026-02-12 15:38:33.521735+00;2026-04-08 15:50:19.056794+00
c228b3dc-5c64-421e-9c9b-3196a82946f0;d2deab8e-09e8-4dce-99f5-093acac1f044;1;235000.00;2026-01-27 13:09:01.851133+00;2026-04-08 15:50:19.056794+00
53c7b5dc-de55-4f47-9dc5-ddd529ec1653;cca22f9a-d02a-4012-8aea-cedf2105d87d;1;46000.00;2026-01-29 08:52:50.537164+00;2026-04-08 15:50:19.056794+00
bed5409b-dce1-4c08-b2c4-3c95c430e580;0e1644f1-a4ec-434c-950d-46a6d90923c4;1;15000.00;2026-01-29 08:52:50.537164+00;2026-04-08 15:50:19.056794+00
efe76112-913f-4a97-8cd5-7f84aca50e46;f0e3db1e-2159-4bad-b3a7-380060897a43;12;4041.29;2026-05-18 09:08:00.698848+00;2026-05-18 09:08:00.698848+00
5714c5b2-3c73-4772-b625-b01f305f0c92;222e8125-9e0a-4526-8f5a-9df70f14cbe4;4;1036.53;2026-03-17 09:27:29.088526+00;2026-04-09 15:31:43.574443+00
7fe1e375-ef19-4c54-b32d-b1e56049f98d;688f9e17-156b-4c9a-adeb-1b631d4d9da0;3;26587.4;2026-05-19 08:20:06.685666+00;2026-05-19 08:20:06.685666+00
cfb6e618-d6a5-4505-b841-a00f861f3477;affbd714-e9c5-4090-adfc-154cfca159d4;1;16000;2026-04-21 11:56:10.255077+00;2026-04-21 11:56:10.255077+00
9043643f-1c61-4b72-bf2d-84d9d7ef9a80;60152956-71df-4c02-bc1a-275823d6ed21;6;24460.41;2026-05-19 08:42:32.155363+00;2026-05-19 08:42:32.155363+00
0d0ed33a-71fb-40da-a301-d4666e256d10;6819dc40-ca7f-4d5c-9543-71ed1d454b5b;2;101032.14;2026-05-19 09:08:37.202337+00;2026-05-19 09:08:37.202337+00
4f69d752-9111-471c-8d0d-cf9f906cb62b;7390b1e9-09f3-4cb0-b007-ea71c2493530;2;2126.99;2026-05-19 15:59:37.675006+00;2026-05-19 15:59:37.675006+00
1e696a86-6e81-45dc-9f15-23d6ca0f0ecc;252339ad-97d4-43e8-83ab-988533447ea7;6;8680.73;2026-04-21 13:44:24.626107+00;2026-04-23 08:25:45.885175+00
e5612f5f-9e60-45cd-9dfd-3b2d980e55a1;186b1444-56c5-4812-8702-558699bb814a;1;25531.57;2026-04-21 14:53:04.192348+00;2026-04-23 08:27:15.937053+00
68bfa450-c4a1-41a0-a1fe-7de3e8546c13;64176456-6b9f-43e9-9240-d89ff1885e05;3;17872.1;2026-04-21 13:32:15.70357+00;2026-04-23 08:31:05.723611+00
aa5da8dd-14ed-4c9f-b316-bc601eac4e8b;04b542f5-f1c5-4421-877a-5ce1ee46cb35;2;7263.34;2026-02-12 16:10:02.941897+00;2026-05-21 13:01:55.026739+00
89f19d8e-baa9-4331-be11-58c8324c1d5f;2a877498-815d-4d25-8edc-1ad817369973;0;2350;2026-02-12 14:11:16.258355+00;2026-05-21 13:04:20.652699+00
96c4b145-0ef9-458b-bb03-814d6b040cb5;f3dc3258-91dc-40e6-b185-3959de4927a1;1;21000.00;2026-02-16 09:50:17.140619+00;2026-05-21 13:07:15.202716+00
e397b341-fc55-4577-9bdc-32e9529569ac;1e9892c4-4f41-4388-af88-823ee2bad3a0;2;7659.47;2026-04-21 15:00:13.010443+00;2026-05-21 14:10:05.072717+00
cdd8b572-dce9-4890-a98f-741a91937e2d;64320456-bcaa-4276-b9ef-b8c63c032351;0;66382.07;2026-04-21 12:54:23.610582+00;2026-05-21 14:11:25.95436+00
0661bdc5-4ef3-47ff-be22-21602230d256;d98c987b-4956-4639-8d73-e25d53543dfb;1;21446.52;2026-04-21 13:15:47.17854+00;2026-05-21 14:15:10.966403+00
92c039d9-ed3d-49d3-8fb7-86f8c32de3e8;950a5c11-3bad-43c2-ab68-11ba555e18b5;1;51722.11;2026-04-21 16:36:31.964532+00;2026-05-09 11:09:00.114518+00
c756315d-4223-4e61-8386-be486021ed3c;1301d374-1e7d-4016-888d-2ace6e7ec9dd;0;39000.00;2026-02-12 15:46:30.952662+00;2026-05-12 09:54:46.053999+00
27fa3feb-1da4-40e8-b76a-a3e4b508aebd;9cc168c6-013b-40b8-8df9-376cc6a28367;0;15000;2026-02-12 15:32:30.233799+00;2026-05-13 15:09:14.682849+00
63a1659c-477f-493d-83d3-e9f554bdbb5d;2212b959-cb8a-433a-a9eb-cf9bf066739a;3;2068.88;2026-04-21 15:06:22.68837+00;2026-05-17 11:30:00.019428+00
ac44331b-48a6-4989-b2e9-3119940554f8;a91f9678-b674-4862-9202-d30b751491fd;1;180000.00;2026-02-16 10:01:37.133934+00;2026-04-08 15:50:19.056794+00
d7d30f80-376e-4f76-87c4-33f66fadb025;20f52571-12c6-4ae8-8f65-16d2b79fab5c;1;15547.94;2026-03-17 09:40:41.823693+00;2026-04-08 15:50:19.056794+00
3d6ca4af-ce83-4606-b471-4488ecaa4be9;d66d2064-0d96-419c-b8e7-f80831368a9a;0;5000;2026-01-29 09:03:23.677375+00;2026-04-09 10:36:02.467721+00
49e986de-4a4e-4720-9a0b-cdacbc6250fa;2a70d1f9-7f89-47c9-8fb5-534271a98eaa;2;85079.7;2026-05-18 09:09:40.174191+00;2026-05-18 09:09:40.174191+00
80526e3e-9678-45be-b436-bf708c97eeb5;a605ee72-5d0e-47d4-b70a-fa06cf8d2d96;2;77635.22;2026-05-18 09:10:21.275021+00;2026-05-18 09:10:21.275021+00
a4113512-b85a-4b1c-91cd-38c68c10a9c5;77e23a67-4f4c-4793-a8bb-327ccd6df4b2;2;7263.34;2026-03-30 12:00:08.518814+00;2026-04-09 15:31:41.214093+00
2f764a44-7da3-4c0d-8e93-90002cad0a0c;668be9f4-b3bf-47b4-b290-c9a39f21b519;0;57009.10;2026-01-29 15:04:01.832747+00;2026-04-09 15:31:41.518123+00
bf32e690-41ce-4100-a8f0-5957dde55a04;beb31d24-a69d-431b-af9a-6337b9be3842;0;11861.29;2026-04-07 16:02:55.493724+00;2026-04-09 15:31:45.828833+00
75f83edb-a0a0-4f60-afb6-f3c5639727fc;ee04fd6e-e0fc-4532-bea2-2243129e3e4c;0;19000.00;2026-04-07 14:34:44.558601+00;2026-04-09 15:31:46.117643+00
3a1c7597-ae8a-4880-b660-d261f7aeb40d;265103de-f785-432d-afb0-4d02e15dbea0;2;47857.33;2026-05-19 08:24:26.738639+00;2026-05-19 08:24:26.738639+00
24806f56-cb8a-4fef-a515-287d18ae7dbf;c9150d95-06f5-41d5-85bb-8f404a6b2b7a;1;75746.23;2026-02-16 08:45:34.900906+00;2026-04-16 08:41:22.13146+00
4b873286-adfd-48f8-8a1e-617d070e4884;0dacc5c5-77b3-4e04-b01d-fb7adb41ffeb;0;27500.00;2026-04-07 15:43:55.128766+00;2026-04-20 08:18:27.350845+00
90a48216-e41d-4cc5-828b-833745630c61;3ab861db-da7c-45d9-8759-c6a29ff2a7c0;6;30841.39;2026-05-19 08:44:07.929094+00;2026-05-19 08:44:07.929094+00
22ad6e57-8001-4e5c-b405-fa7c8ce2613f;b3fb032b-dfe1-4a95-b22a-8a19860a8b81;3;3722.24;2026-05-19 16:03:08.089456+00;2026-05-19 16:03:08.089456+00
7917f126-0452-456a-b083-ea9a7a26c027;e7a9fd6c-0518-4c73-a449-e2fcdf428bd7;12;27574.09;2026-04-21 13:16:43.378877+00;2026-04-23 08:24:41.126352+00
9085a787-3cdc-4db1-abe0-50353ecce9d7;96e0af13-24ee-4d30-b471-e00b224ae493;2;26552.83;2026-04-21 14:54:47.240836+00;2026-04-23 08:28:05.156644+00
5351de40-7d88-43d6-b367-ef52e1de1f9c;e3d6682f-7455-4043-b891-596bc3fdc7e1;0;34833.33;2026-04-07 13:37:20.820225+00;2026-05-11 11:40:20.469414+00
1b7b0ed3-4dc6-43d1-8057-08ec94e46664;37379f7a-deb9-4e36-bb69-0fa04d52bdd9;3;25929.79;2026-02-12 16:20:00.406811+00;2026-05-12 09:54:45.788909+00
67a820a0-cc75-43a6-927a-2e0477e3f6d4;2a06cc07-99cf-4eee-880a-0fcac531e550;3;118960.86;2026-04-21 15:22:13.129012+00;2026-04-23 08:36:22.67231+00
e9562498-2410-498d-93dc-b5ddfd2f7e32;c8f2c08c-e738-473b-9d6f-c852e1992b38;0;7260.34;2026-02-16 08:38:49.630718+00;2026-04-23 16:06:11.66004+00
2c8acb0b-37c5-480c-9fe4-89c345299f0d;fde511bf-b43e-49e0-81fb-67f23b3f933a;2;98573.86;2026-03-30 11:16:20.136458+00;2026-04-27 11:13:10.898021+00
9e11e031-cec2-413e-81f7-2cedadc0a060;333e2d39-13fe-40f0-a287-712c7ccb8b6c;1;29000.00;2026-04-07 16:28:03.615078+00;2026-04-27 11:24:09.98033+00
428ce1cc-6165-4e6f-b407-68b59e2b8373;a5f07e3b-d82d-4c3f-b3aa-24f9495a2575;0;15000.00;2026-04-07 16:30:13.89702+00;2026-04-27 11:24:10.953838+00
ace5055d-775d-4c0a-b86d-7476d596da69;a605ee72-5d0e-47d4-b70a-fa06cf8d2d96;0;64500.00;2026-04-07 15:40:11.579296+00;2026-04-27 12:53:00.747691+00
8d5f325c-d29a-4b02-a21f-32521c26e714;3ab861db-da7c-45d9-8759-c6a29ff2a7c0;0;36000.00;2026-01-27 13:09:01.851133+00;2026-04-29 14:05:37.332504+00
22cd9e3e-3c40-4015-9386-b8ea46572bba;7c5dd3ba-4649-4d4c-9b59-eba8dafd2208;0;9500.00;2026-01-29 08:52:50.537164+00;2026-05-07 13:32:35.801332+00
f3cdb2b0-6ac3-475c-8a85-57bfcad799cd;ca9ed6f5-9b91-4ec4-805e-8fb325c7c00f;11;6723.87;2026-04-21 13:34:43.599144+00;2026-05-07 14:03:03.722532+00
fb9acb84-7096-4980-89aa-2a6cc70f3f39;2db936ca-8ae4-4e05-8ad0-cd1b2a83124b;6;11233.89;2026-04-21 15:02:11.430591+00;2026-05-13 15:09:13.282659+00
e816f639-33a0-42b2-80f7-830f67dbffb1;9624911e-b76d-4234-ab4c-675f64013f75;1;59144.32;2026-03-30 11:25:47.260999+00;2026-04-08 15:50:19.056794+00
ef61a5dd-787f-41ea-9730-34687a5cdd69;fab50b0e-b55a-483e-85a5-3c35f42670e4;3;48768.12;2026-03-30 11:57:40.396016+00;2026-04-08 15:50:19.056794+00
fc0070dc-263b-4698-8126-36ee950b0205;88f46bc8-6419-49db-ad32-f93ffe8b5632;3;25861.06;2026-04-23 08:44:04.528158+00;2026-05-13 17:02:57.79555+00
565fab36-74ce-4675-9811-612734926b43;2a877498-815d-4d25-8edc-1ad817369973;47;2073.82;2026-05-21 13:05:39.873019+00;2026-05-21 14:07:29.128384+00
7e393be0-f173-49df-b778-218fe635adac;4c606062-d69c-4775-bd75-dc311e84e89f;0;18000.00;2026-01-27 13:09:01.851133+00;2026-04-08 15:50:19.056794+00
5ba419b7-6d2a-47ac-a1ea-4791f9124eaf;ee04fd6e-e0fc-4532-bea2-2243129e3e4c;0;19000.00;2026-01-29 08:52:50.537164+00;2026-04-08 15:50:19.056794+00
eceb8906-002c-4612-95ae-1f0622f526ac;ae6028a6-cbaa-4c71-8c78-7807ca0f9acb;0;37000.00;2026-01-26 13:48:37.595232+00;2026-04-08 15:50:19.056794+00
ebacc68d-0a7a-4a5c-a9b5-424a7fbd12e9;700e25ed-2474-485b-936d-c0eb40a79a6a;4;33152.11;2026-01-27 13:09:01.851133+00;2026-04-08 15:50:19.056794+00
a2ae9f2c-b683-46b2-81dd-c7721a7adf13;e3d6682f-7455-4043-b891-596bc3fdc7e1;0;33000.00;2026-01-27 13:09:01.851133+00;2026-04-08 15:50:19.056794+00
eac58b35-e08a-4ed8-be3f-671967dbd9d8;668be9f4-b3bf-47b4-b290-c9a39f21b519;0;33000.00;2026-01-29 08:52:50.537164+00;2026-04-08 15:50:19.056794+00
15316a21-fa97-4167-96e7-56bfbd2dec0e;fc973660-f02b-4fed-9a78-df73df2f9f3c;8;2750.00;2026-01-29 08:52:50.537164+00;2026-04-08 15:50:19.056794+00
e75eedea-6061-4e09-a831-afbf27096289;c271ed01-34cf-4b76-8332-fefd7a45a478;0;4000.00;2026-01-29 08:52:50.537164+00;2026-04-08 15:50:19.056794+00
55b557da-0c2b-43dd-a74b-ea2946382eec;08e94386-84fa-4f6a-9c13-9a65dd985187;3;57009.10;2026-02-12 16:16:18.332875+00;2026-04-08 15:50:19.056794+00
6b666e3b-d1c4-4534-ae5c-bc114c9ab888;d608ee57-8889-4a35-865e-fec3b166829e;0;10000.00;2026-01-29 08:52:50.537164+00;2026-04-08 15:50:19.056794+00
d32a46a8-7643-4470-8ee0-3667a564097a;596054f5-6b48-4951-ab51-12e81d2efc63;0;317.00;2026-01-29 08:52:50.537164+00;2026-04-08 15:50:19.056794+00
e9711710-6692-4579-98b1-8864cb7c80a3;6ac54497-bd1e-4fe6-b122-f99ade2a284d;0;2000.00;2026-01-29 08:52:50.537164+00;2026-04-08 15:50:19.056794+00
62997442-d8f7-41bd-8e32-fab700f91770;5cd2731c-ac43-4493-b726-9e87c3ef361a;0;2500.00;2026-01-27 13:09:01.851133+00;2026-04-08 15:50:19.056794+00
e20bcd8e-0883-4bcb-8692-3e6c7e9a1d1b;6da261a4-a0a3-4da6-b3a4-45c53e48d0db;6;23733.20;2026-01-29 08:52:50.537164+00;2026-04-08 15:50:19.056794+00
108afdde-48bc-485e-ba77-dc1b9a705a97;ee6d0d7a-c57f-4fc3-aee9-6f9220a2c2f1;2;29053.35;2026-03-30 12:06:51.045816+00;2026-04-08 15:50:19.056794+00
ce373973-7022-4814-ac31-b63635b103ab;e6145e08-3c8d-4c0a-8108-5af6d73b3810;3;31128.59;2026-03-30 12:09:28.323602+00;2026-04-08 15:50:19.056794+00
d3638b01-3c6d-4951-9e2a-68eda053e398;596054f5-6b48-4951-ab51-12e81d2efc63;0;300.00;2026-03-06 17:01:22.478395+00;2026-04-08 15:50:19.056794+00
0df5351d-8da6-4491-a721-8fd0a11b309e;e3d6682f-7455-4043-b891-596bc3fdc7e1;0;34833.33;2026-04-07 13:34:59.807652+00;2026-04-08 15:50:19.056794+00
aa209166-9e7f-4afe-9fdc-815bda7f5656;a774fef2-cd36-41a2-88ed-d98812433e7c;20;9039.72;2026-05-19 15:40:44.79991+00;2026-05-21 14:07:33.350011+00
0a21f5c0-bd8e-4a58-b3ab-2f47d431b2bd;5cd2731c-ac43-4493-b726-9e87c3ef361a;1;2500.00;2026-04-07 14:23:16.882424+00;2026-04-08 15:50:19.056794+00
370491f0-3cdc-4dd1-afc0-63acde2c7049;6cd133de-c5b9-4d40-8ff3-101855e3242d;1;15000;2026-05-12 10:43:35.821+00;2026-05-17 19:37:52.244803+00
7df2fff6-2d41-466d-b773-cf1788220834;e7a9fd6c-0518-4c73-a449-e2fcdf428bd7;1;28015.73;2026-03-30 11:52:19.263017+00;2026-05-21 14:09:33.839913+00
ff626cb2-78a2-490f-8892-4894f53a93f9;a605ee72-5d0e-47d4-b70a-fa06cf8d2d96;0;64500.00;2026-04-07 15:39:03.020339+00;2026-04-08 15:50:19.056794+00
88e79074-e530-4f5c-9cbf-27e3ebc8adc4;c8f2c08c-e738-473b-9d6f-c852e1992b38;8;8000.00;2026-04-01 14:36:46.922103+00;2026-04-08 15:50:19.056794+00
4d7dae71-eaf6-4781-96da-5a9ad90aff7c;c8f2c08c-e738-473b-9d6f-c852e1992b38;0;7260.34;2026-04-01 14:47:02.539784+00;2026-04-08 15:50:19.056794+00
75cf26a9-ea07-4324-9620-fed127ae01d6;ad32f4e9-e48f-44bb-a3de-44c2a33a3ec9;4;67042.09;2026-04-07 17:03:20.780634+00;2026-04-08 15:50:19.056794+00
437412b0-7d8a-477c-91d8-60b0b37d1873;d909b3c8-be3f-4791-a8e3-0aa8666235b8;1;120000.00;2026-02-16 09:01:08.220815+00;2026-04-08 15:50:19.056794+00
df4b7edb-678b-46cd-a2f4-5231804fc397;64320456-bcaa-4276-b9ef-b8c63c032351;6;69127.25;2026-05-18 12:50:49.301296+00;2026-05-18 12:50:49.301296+00
4282745b-2e52-45cb-9729-ee567cc4bff9;2fcd98e6-b752-423d-8521-39809a598c14;1;115000.00;2026-02-12 15:56:27.249279+00;2026-04-08 15:50:19.056794+00
ce3eab23-aa42-4ca3-8ba9-9f7b3b95de73;bc036136-5fa1-4408-a699-7b59d3e3a136;4;7000.00;2026-01-29 08:52:50.537164+00;2026-04-08 15:50:19.056794+00
9029f26a-f347-4c66-a7b3-3d177cde7307;9bf8f7b0-7501-45b0-941a-fbc59f76bb06;4;12458.56;2026-01-29 08:52:50.537164+00;2026-04-08 15:50:19.056794+00
39bbac57-27d7-4ba2-963f-f6c89fe934d3;9e47c49c-1777-48ca-96cf-cd9f3f50929b;0;21000.00;2026-02-12 11:53:54.719023+00;2026-04-08 15:50:19.056794+00
dabbf8f6-e0e2-49c6-97d1-417991ea18bc;ca49e205-e000-4537-b05e-01950c6c7bc9;2;21000.00;2026-01-29 08:52:50.537164+00;2026-04-08 15:50:19.056794+00
596cc394-4d22-49d9-b6ec-74a03cbfea58;b0f3abd2-2880-4004-8941-cd6cb1f2046c;2;17000.00;2026-01-29 08:52:50.537164+00;2026-04-08 15:50:19.056794+00
0f6667cc-d192-4335-b970-175baf2921a6;28632687-43a6-4e4e-80ae-0aeea348aaf4;0;55000.00;2026-02-12 12:02:23.124876+00;2026-04-08 15:50:19.056794+00
19deccd4-c1c6-4152-8f2a-a1aeb6fe3a1d;ca9ed6f5-9b91-4ec4-805e-8fb325c7c00f;0;6500.00;2026-02-12 12:10:12.492666+00;2026-04-08 15:50:19.056794+00
859e308d-482a-4cc1-83f3-7b3216df1586;2f06ae1b-e506-4e56-b92a-ca3bac9c1b00;1;22500.00;2026-02-12 14:17:24.561347+00;2026-04-08 15:50:19.056794+00
a5239771-60ed-4f61-8638-d1c9f47aaded;a0ac3569-55e8-48a6-bd51-d84c4cad53fe;0;110000.00;2026-02-12 16:07:04.816595+00;2026-04-08 15:50:19.056794+00
2af212b8-228a-43d1-9351-b0844b128501;64219372-2dec-4227-a776-90c9673ea9c8;1;17000.00;2026-02-16 08:29:26.325863+00;2026-04-08 15:50:19.056794+00
dc568552-b48f-4417-bce9-a7a99ab074a7;47eeffce-1c34-464a-955b-332d9c3b6afe;0;45000.00;2026-02-16 08:53:38.154755+00;2026-04-08 15:50:19.056794+00
6e9f929e-d446-43c2-98fe-71dc8dfc7de2;6819dc40-ca7f-4d5c-9543-71ed1d454b5b;0;110000.00;2026-01-29 08:52:50.537164+00;2026-04-08 15:50:19.056794+00
dda271be-cf88-4ca6-9b52-ce4bbb5d322e;88f46bc8-6419-49db-ad32-f93ffe8b5632;0;25000.00;2026-01-29 08:52:50.537164+00;2026-04-08 15:50:19.056794+00
c85489c2-bf06-41f9-a9c5-95dbba3c8a06;80c8a24b-8d5b-45cc-846e-2501f2cbfd56;1;21781.03;2026-02-12 11:57:52.402805+00;2026-04-08 15:50:19.056794+00
202b3801-276a-4725-9f2d-c5a0d99bdcd1;10a68982-b823-463b-96b2-2c058cdaab46;1;7800.00;2026-01-29 08:52:50.537164+00;2026-04-08 15:50:19.056794+00
adb82fbf-3f6e-4874-9d0b-63bb77e1f9be;83fb2565-eab2-4e1e-8023-088ba80e2053;1;17620.99;2026-01-29 08:52:50.537164+00;2026-04-08 15:50:19.056794+00
080cb751-22f5-4aed-b9ea-ca4a18f8c3dc;145288de-404a-4ddd-a417-fe27fa225190;3;8292.23;2026-02-12 12:04:56.309569+00;2026-04-08 15:50:19.056794+00
7bd11ec2-6980-4996-b010-380d249ce822;51018d12-7f8e-4399-bbcb-9fa29f6bec09;0;62000.00;2026-01-27 13:09:01.851133+00;2026-04-08 15:50:19.056794+00
6aa20a6d-46fc-4aed-a51c-e613051cdd17;95b0a944-9ab9-48ac-86b1-9b486d774e42;7;17113.66;2026-02-16 09:47:22.405958+00;2026-05-21 14:04:53.786421+00
b24f46c8-a128-4c87-8ff9-b64b72b00678;07672864-ed5e-4adf-bd41-63e5dd585579;2;150454.84;2026-01-27 13:09:01.851133+00;2026-04-08 15:50:19.056794+00
b905e88a-6783-4f41-b4bf-116a34b7f296;c1a960af-0878-4f02-94c0-d3cd48c0e454;0;7500.00;2026-01-29 08:52:50.537164+00;2026-04-08 15:50:19.056794+00
8ef92393-c848-4eae-bd04-a4b8cb53e546;e40b9215-46e1-4f5f-9f34-6c581f651be0;0;9000.00;2026-01-29 08:52:50.537164+00;2026-04-08 15:50:19.056794+00
66d59c65-0f8b-450a-83f9-7231b0c57eb9;a0f97c38-2694-40a0-b04b-01b85f6c2070;2;2000.00;2026-02-12 15:27:13.179499+00;2026-04-08 15:50:19.056794+00
af835758-3faf-44e0-911e-0168225ce670;19c8ed3b-db2d-453d-a07f-13242afdb230;1;4500.00;2026-03-17 09:51:58.265006+00;2026-04-08 15:50:19.056794+00
4610111b-942f-44ac-b028-b6c4f48078ca;a6690595-fede-46a4-81ac-0c29bf9831e3;0;0.00;2026-03-07 16:54:43.059916+00;2026-04-08 15:50:19.056794+00
160fb43e-b463-400c-9b10-ca1f36fa6d70;3a3a93f0-c42b-42f5-b34a-bfdeb3d01560;1;6000.00;2026-03-17 09:53:41.917337+00;2026-04-08 15:50:19.056794+00
c84ef75d-c3e8-4f0f-ab95-e939d184837e;2ed7e4e1-e7bd-446a-b5f7-102e4549c3c2;1;98470.26;2026-03-09 09:42:35.363732+00;2026-04-08 15:50:19.056794+00
38894900-80f9-4327-81f7-b1aa719c821b;c6bce0d1-b287-4ae8-bb31-e56aff0c20da;1;10751.58;2026-03-17 09:57:29.583706+00;2026-04-08 15:50:19.056794+00
42035f02-496a-4d6b-aedd-e7f9c936a02a;0a421a0a-97f3-4ecc-a2dc-33dcc3fa2fb0;2;49753.40;2026-03-17 10:09:47.15487+00;2026-04-08 15:50:19.056794+00
873767d8-139a-4a92-bd28-318f7b2fc22d;6447d45d-58c6-49d3-8dd1-4ed2aa1db2ff;2;10365.29;2026-03-18 13:07:41.749623+00;2026-04-08 15:50:19.056794+00
22f9db1d-a744-4419-bda9-88580e0e3e30;a5f07e3b-d82d-4c3f-b3aa-24f9495a2575;0;15000.00;2026-02-16 09:52:05.405633+00;2026-04-08 15:50:19.056794+00
da6f82db-820f-42c1-a1da-649b61d04982;36cde9b3-c0fa-44aa-8c0c-85ffe41222b5;1;139931.43;2026-03-18 13:35:03.995533+00;2026-04-08 15:50:19.056794+00
02688da2-35f2-4e18-8c7a-41ea334ec359;bb41b5f3-2d95-4218-9596-991ea7636e83;2;18657.52;2026-03-18 13:55:13.483441+00;2026-04-08 15:50:19.056794+00
691c8a7e-290a-434f-8c71-01f707d690af;b892b15d-7f9b-4d3c-9ee7-7cd31addc34b;1;9328.76;2026-03-18 14:10:16.195329+00;2026-04-08 15:50:19.056794+00
41ef8587-8a13-4ca4-9431-5d942a1889dd;83676670-2f1c-435a-bda0-03f2e32c76cc;2;38351.58;2026-03-09 08:54:04.620204+00;2026-04-08 15:50:19.056794+00
d12f0344-7c3f-41f4-9e5e-f7c4d479bd98;bb500715-9f86-41cf-9b44-01b3bb2e48ec;2;25913.23;2026-03-09 09:10:27.981921+00;2026-04-08 15:50:19.056794+00
70e0ce5a-700b-4319-87ae-f175e50b88bd;4b490a7b-e415-4f15-86d9-c70556d26551;2;29022.81;2026-03-09 10:07:19.056832+00;2026-04-08 15:50:19.056794+00
a89a76f3-4e1c-4c7d-9417-505a444a0a20;c777362b-0237-448b-80f1-47333bfa8878;3;72633.37;2026-03-18 15:53:22.374092+00;2026-04-08 15:50:19.056794+00
1268adb6-9bc6-44ca-8435-53ad194e2331;a6690595-fede-46a4-81ac-0c29bf9831e3;0;30.00;2026-03-06 19:32:20.537973+00;2026-04-08 15:50:19.056794+00
58a07d8a-67b9-4a40-aff7-569c3a604491;5664941d-f5cc-4e85-af5d-203cffb871ed;0;15547.94;2026-03-18 13:16:33.900302+00;2026-04-08 15:50:19.056794+00
393cd48a-82f1-4321-b9a2-f282fc67e51a;cb23b8e4-7e7f-4881-9f33-d265318cb781;1;20000.00;2026-03-16 11:01:59.025079+00;2026-04-08 15:50:19.056794+00
8c0db8a1-e0d3-4f33-b177-2c84f9641975;fc964462-78eb-47d5-8247-c1f16850ee24;1;18000.00;2026-03-16 11:06:37.047845+00;2026-04-08 15:50:19.056794+00
17e83548-4b27-40fd-921d-cf8b7b300e19;75d25cbe-05ee-4a2a-ac4b-9b7d434e3a1c;2;36000.00;2026-03-16 12:05:32.332025+00;2026-04-08 15:50:19.056794+00
0131dc35-0548-44bc-8181-aa1602060b3c;1069c6ba-f2be-40ea-9136-fff65548ddb0;3;134084.18;2026-03-07 14:50:42.673697+00;2026-04-23 09:11:50.083669+00
a620996f-9dcd-4465-b03f-51c7b7044cef;84cc1fe0-a6ee-432f-9d7b-995c3ce58abc;0;134748.78;2026-03-18 13:24:47.094093+00;2026-04-28 16:05:06.623229+00
d376b06d-85ad-4acc-8a7f-91a5b127250b;3f76e4f7-7098-49b4-9acd-4404032f9a64;2;165844.66;2026-03-18 13:21:30.180592+00;2026-04-27 11:40:40.29393+00
05b31935-b932-419f-bd03-360da073db81;64320456-bcaa-4276-b9ef-b8c63c032351;0;67445.27;2026-01-29 08:52:50.537164+00;2026-04-27 11:13:11.186335+00
983cfb40-df44-40e5-8bd8-45979971db4f;f252588f-9c4b-4e98-ab01-e9f8f1ebb915;3;60181.94;2026-01-29 08:52:50.537164+00;2026-05-07 14:03:04.176351+00
b209b124-7580-4a0e-9fc0-9778d4ad154e;a774fef2-cd36-41a2-88ed-d98812433e7c;0;8641.67;2026-01-27 13:09:01.851133+00;2026-05-12 09:51:19.312805+00
6b6d2fcb-36a2-495f-b0e5-7bd1f5d13d82;fb1621a2-8d37-4c53-8830-b66e3ef33437;0;51826.45;2026-03-18 14:21:14.898116+00;2026-04-09 15:31:40.384886+00
7b8b8c82-d4c9-43d2-9241-5c8e1fc44b30;2a70d1f9-7f89-47c9-8fb5-534271a98eaa;0;77250.00;2026-01-21 20:12:23.937695+00;2026-04-23 15:51:59.767291+00
c2cecc5a-4e81-4ae3-a82b-9b45a6992507;46314d1e-95b1-4f37-8722-0dd43381620a;0;25913.23;2026-03-18 14:26:46.254788+00;2026-04-09 15:31:42.548202+00
50525e54-3ad6-4e5d-bf36-d7b63355fbbd;bae0f5bc-b69e-4dd7-8500-24e2d69fc205;1;15547.94;2026-03-18 14:07:59.429172+00;2026-04-09 15:31:42.877438+00
9105ab77-8c62-431d-b92d-4b11de79b792;c72d919d-5563-4f75-9e78-b1779fb7eac3;1;25913.23;2026-01-27 13:09:01.851133+00;2026-04-09 15:31:43.881748+00
5a6e4122-4c09-4c20-834e-03b83439cacc;00b32f72-27b9-402a-a68b-6c9d329fe88b;0;9500.00;2026-03-16 11:25:35.195283+00;2026-05-21 14:11:26.305715+00
9f86ad2d-5c35-4f7f-b133-6a472a56a61c;7aae208a-116a-4d4a-92d9-82ac499541a1;3;5182.65;2026-03-09 08:48:59.001852+00;2026-05-21 14:15:11.684498+00
e53ab9c9-4913-4db8-827f-42a8072ab70f;5032802d-7d0f-4bbe-8ab6-9a73f36d8e68;5;2700;2026-01-29 08:52:50.537164+00;2026-04-29 08:54:56.120926+00
503cf893-e01f-48a8-b6cd-7ff2db0438f3;fd95f4f4-4952-452d-9d71-2f034f3343b4;1;36278.52;2026-03-09 09:52:50.122436+00;2026-04-23 16:06:12.114147+00
6fd389a9-116a-4a26-a6de-647a4753b1d3;935a5a5f-9a57-45bf-837e-0b5d5ebfa4e2;0;15547.94;2026-03-18 12:57:51.702257+00;2026-04-23 09:11:50.925933+00
c8df83ec-71b3-4a5a-b0aa-c3f9682396d7;780484fd-4341-4592-84b2-f01fb63acc55;0;135000.00;2026-02-16 09:19:04.029814+00;2026-05-13 17:02:56.079011+00
8b3c5bc3-0774-4c45-9984-3c8bc781c250;4ac6c449-d20e-4132-b821-b97276c5ba41;0;46643.81;2026-03-18 13:47:14.829251+00;2026-04-21 10:59:44.555746+00
b217db22-649a-4d46-a277-878f8135416e;8c66ec1f-0792-49fb-91cd-03d74e92c623;0;17534.08;2026-02-12 15:16:19.805163+00;2026-05-06 11:29:13.547794+00
dc068f0e-e8cf-4260-a271-3d6fe00ea349;31f7a685-f7ef-44e7-a45b-336c4be92bea;8;5000.00;2026-01-29 08:52:50.537164+00;2026-04-23 16:06:11.435597+00
11592cd9-40d4-44e7-935d-a711a0083e3b;596054f5-6b48-4951-ab51-12e81d2efc63;0;317.00;2026-03-06 17:13:31.360462+00;2026-04-23 09:13:24.703047+00
8cabefdd-f89e-4832-9e8e-bdd74229b63a;d98c987b-4956-4639-8d73-e25d53543dfb;0;24902.87;2026-01-27 13:09:01.851133+00;2026-04-23 17:00:29.351738+00
4a44f426-5e91-4ea9-8edc-e322a3705e74;6f05cb66-3e94-4148-98c4-a409e2ecf139;2;82513.34;2026-03-07 15:12:58.729461+00;2026-05-11 08:59:50.325826+00
c2be27a6-ca8c-47f4-b8fd-748004d450b1;ae6028a6-cbaa-4c71-8c78-7807ca0f9acb;0;37131.00;2026-01-23 16:16:50.465033+00;2026-04-23 16:06:10.022089+00
16d95ed2-3346-48ae-aa18-80802d028bc5;8f643fbc-b141-4c63-9dbf-f366c1bfed82;0;29022.81;2026-03-18 14:15:28.759968+00;2026-04-28 16:18:42.671193+00
eaf3262f-86f9-4622-b215-b5093ace40c4;21fa53be-9301-4578-bc87-aee339a306b5;0;15000.00;2026-01-29 08:52:50.537164+00;2026-04-23 16:06:12.33562+00
6e411eee-1349-4d25-8c47-a50a8d89f95d;b474bae7-d253-4a6e-83b6-eb37b38f4473;1;8297.53;2026-02-16 09:38:29.46222+00;2026-05-13 15:09:12.985516+00
28dde994-f6c6-4b09-9a29-88eb95c8fbec;80f90a2b-e2d3-4b33-9719-12ac4acd9c81;0;139931.43;2026-03-18 13:28:10.213888+00;2026-05-13 17:02:55.773174+00
045a8395-491d-49af-a711-ee4f6b6c1958;22f39514-16bb-4b17-aeeb-0cbc5d85eeb5;2;36000.00;2026-01-27 13:09:01.851133+00;2026-04-27 11:37:39.218654+00
02508221-1748-47f6-84c8-f59483591c86;ee9b920b-b17d-44b9-bed3-784f19419dfa;5;5500.00;2026-02-12 14:57:27.133211+00;2026-05-11 11:38:16.884931+00
e6127a92-694b-4604-aeaa-595a4aec26f3;b90b00ab-cf16-442d-9f6e-cf11a9b18931;0;28000.00;2026-01-29 08:52:50.537164+00;2026-04-27 12:53:02.040435+00
5319c0f0-61f8-4876-9edd-d4c08ee1f305;fad1f894-e809-4716-8cb6-a7c46575d809;0;16584.47;2026-03-07 15:15:39.183533+00;2026-04-28 16:05:07.645652+00
0331eb20-9bf4-4440-8036-9d96cf44c0c9;3ad32e2a-0f7e-4cec-9e95-ebd735228e99;1;68000.00;2026-01-29 08:52:50.537164+00;2026-05-11 09:02:26.933283+00
45dc8b61-450b-4779-bac3-b42651d7285b;22862b22-6501-4706-8d27-6250a1804292;3;75000.00;2026-02-16 08:49:32.484983+00;2026-05-07 14:04:12.236313+00
b0f6e57c-3753-4636-a493-f11f2b894a9b;cb77dcf4-84f9-451f-884f-96048fa031c4;0;6000.00;2026-01-29 08:52:50.537164+00;2026-05-11 09:18:31.396516+00
5f7556b5-48fa-4780-9310-1c9975c9d032;a3b8312b-50d5-47de-b71d-018d45f86841;22;44080.65;2026-02-16 09:28:25.910746+00;2026-05-11 11:36:10.647454+00
24b57946-924b-40a7-a20a-b57717033b4a;9a34e3c0-b76b-4d11-984a-eec16741c2f7;11;2280.36;2026-03-07 15:23:25.960933+00;2026-05-13 17:02:56.85878+00
dbbec861-fbc3-4230-9125-6d4f4596d0f9;b06a1a8d-9b9d-4665-a20a-c6bfd3bc93ee;0;22803.64;2026-03-09 08:58:13.25213+00;2026-05-13 17:02:57.396287+00
a679e740-c7e2-46ed-8ab6-b3eeda0087b8;e1386556-10dd-4fad-bf76-996a1981bf02;1;18881.84;2026-01-29 08:52:50.537164+00;2026-05-13 17:04:09.652518+00
2dfc5a60-bbf4-4ed1-8e5b-d9c2f7e770c7;2e4eb415-553c-43c6-b9a9-7681e712290c;1;67417.46;2026-03-16 12:48:59.949492+00;2026-04-08 15:50:19.056794+00
4e32b8ae-8bb0-4903-82a2-44d9a591d0aa;0c4f7bf2-3fff-4591-a46a-c4b6e4c6c78c;3;85513.65;2026-03-09 09:38:54.701188+00;2026-04-08 15:50:19.056794+00
87884e8b-a607-4f6f-b498-e4cf3c11d808;98f84a74-a7fd-43e8-8b57-911d7f104e38;1;46643.81;2026-03-17 08:45:46.429742+00;2026-04-08 15:50:19.056794+00
630b293e-3291-45cb-81de-9a975354beae;005db437-3a0f-43c8-9cfe-48063996408f;1;49753.40;2026-03-17 08:52:23.178685+00;2026-04-08 15:50:19.056794+00
c51028ee-f7c4-4e3f-8b73-87f75d543bb2;a49789dc-f2b4-4c38-bef3-e06e2afca011;2;134084.18;2026-03-30 10:37:28.909512+00;2026-04-08 15:50:19.056794+00
9f2dd51e-fa0e-4834-adae-940762291389;4a55b254-672f-48ba-a6ad-56d3a1d8e2a6;2;89235.29;2026-03-30 10:59:59.412625+00;2026-04-08 15:50:19.056794+00
f310699f-d237-4129-9a67-7e70625e8bee;f070a039-e408-4a29-bac5-1ebae896cf96;5;59144.32;2026-03-30 11:10:07.492933+00;2026-04-08 15:50:19.056794+00
a096a072-9d78-47f3-a8fd-ca40b6cc2147;e1386556-10dd-4fad-bf76-996a1981bf02;0;30000.00;2026-03-09 09:15:05.249207+00;2026-04-08 15:50:19.056794+00
f0763457-fcc2-48ba-988d-335408e7f34e;64219372-2dec-4227-a776-90c9673ea9c8;4;15471.25;2026-03-30 10:51:01.498934+00;2026-04-08 15:50:19.056794+00
8310ab4d-e2fc-4fca-bf9e-281ecd9d536d;3f9ab9f0-5161-4a4f-8f4a-a3797b6df22a;0;57045.54;2026-03-16 12:41:32.766556+00;2026-04-08 15:50:19.056794+00
8e360d58-1332-43ef-9db8-4f521eb8910e;b474bae7-d253-4a6e-83b6-eb37b38f4473;6;8767.04;2026-03-30 10:47:01.29269+00;2026-04-08 15:50:19.056794+00
1734aedb-fbec-42e8-958b-627154f5a3a1;6af2f6f5-45eb-415a-b159-3bf1f7c92be2;3;40424.63;2026-03-09 09:29:59.562431+00;2026-04-08 15:50:19.056794+00
af5287bd-be9d-499d-a02e-d79203e4f3ef;0bfc9370-137c-4902-8a23-0d54113940fa;1;43534.22;2026-03-17 08:49:05.881573+00;2026-04-08 15:50:19.056794+00
5fca5668-158a-423a-907d-a10e325b8e0b;ae82bbef-dd7c-44f4-b89e-dc3bed58bd4c;0;36278.52;2026-03-09 09:47:29.021236+00;2026-04-08 15:50:19.056794+00
7bce2d62-06f4-4f97-8e71-02cfcbf933de;6a983d66-c1f6-4b8f-abae-ff5c8fe4d5e6;1;116091.26;2026-04-07 17:24:40.317005+00;2026-04-08 15:50:19.056794+00
ea3e2c85-5d45-49ee-b18c-339fcd5689df;92d659bc-e5f7-4947-ad00-70755821a382;1;44570.75;2026-04-07 17:27:00.782389+00;2026-04-08 15:50:19.056794+00
bf8724fa-79e1-4c8b-8f0c-7399331823f0;b3ce3f47-e6c2-4ce1-8c5d-6cdff8fb628c;1;39388.22;2026-04-07 17:29:47.968794+00;2026-04-08 15:50:19.056794+00
17eabd20-a1d5-47ac-972e-ec2d9ba70ea2;797903de-6c00-4448-b1d6-c0ebb69b8aad;1;114018.20;2026-04-07 17:31:43.443225+00;2026-04-08 15:50:19.056794+00
c00d1c41-164b-4c76-b2cf-7fd2b15c4791;9f49d6ff-5a21-4221-a82d-2826f52d1f5e;1;46643.81;2026-04-07 17:33:16.089661+00;2026-04-08 15:50:19.056794+00
3a88333c-9e87-4dd3-843c-6112bced2392;7b6dcdb9-536c-4eb2-8bfc-4129fb703b7f;1;7255.70;2026-04-07 17:38:10.748971+00;2026-04-08 15:50:19.056794+00
b86c40cf-a423-4bd6-903b-e99927ff9a2f;cb8dd565-202b-494c-a8ac-ec7e08a78d3d;1;20000.00;2026-04-07 17:47:09.218576+00;2026-04-08 15:50:19.056794+00
4ee03e6f-9e70-44bb-a0fd-f0983c686bf1;2f06ae1b-e506-4e56-b92a-ca3bac9c1b00;1;25913.23;2026-04-08 09:19:49.980863+00;2026-04-08 15:50:19.056794+00
615ff4e0-4aa3-4027-9942-11007f14f6f5;699f0bce-5c0b-40ba-b170-b8bd4b694437;0;87670.42;2026-04-08 09:33:16.727786+00;2026-04-08 15:50:19.056794+00
e08fe0d5-3f0f-4e8f-9d80-e413901def00;c271ed01-34cf-4b76-8332-fefd7a45a478;0;4000.00;2026-04-08 10:16:52.387293+00;2026-04-08 15:50:19.056794+00
4f71d3f4-a0ec-41e7-a21c-c4a9f5626274;c271ed01-34cf-4b76-8332-fefd7a45a478;0;4000.00;2026-04-08 10:15:00.397188+00;2026-04-08 15:50:19.056794+00
4cc3e19f-9762-4f8f-8b95-b109239f1f81;c271ed01-34cf-4b76-8332-fefd7a45a478;0;4000.00;2026-04-08 10:15:30.808783+00;2026-04-08 15:50:19.056794+00
773f6ebc-660e-4d37-87ba-6c4261026df4;c271ed01-34cf-4b76-8332-fefd7a45a478;0;4000.00;2026-04-08 10:33:05.933521+00;2026-04-08 15:50:19.056794+00
a514208c-9733-4709-a5a2-d874c6b48d7d;7caed666-b017-43fb-9823-81e66e3faaea;4;53620.63;2026-04-08 13:17:04.581903+00;2026-04-08 15:50:19.056794+00
bdfc9224-8da0-4371-8479-e85189649d0a;cd0aaa13-8943-45d3-a2ed-f00d7fa46fd8;0;2075.24;2026-04-08 10:06:43.673009+00;2026-04-16 13:31:40.764542+00
0aec8776-bfe5-4424-8a05-3169c5d0b712;18fd4271-7baa-40d4-86ef-7c0ad31352cd;7;27929.94;2026-04-23 08:45:07.553305+00;2026-05-21 13:18:05.003441+00
30ab2168-e502-454f-97d6-ac4c16059a9f;2f7b91cc-7a12-49cc-bcaa-5ab0097f72ce;0;13042.99;2026-04-07 17:18:19.856496+00;2026-05-13 17:02:56.344598+00
1cdea5ff-07ed-4088-86f2-a01447583667;32141c3c-eb67-40c0-b72d-40a896db4c90;1;39429.55;2026-03-30 10:57:02.319633+00;2026-04-09 15:31:45.515102+00
619e496b-a4aa-445f-baf2-8015448abf9b;ee039cce-5479-4e27-9133-feded8f5810d;4;77821.47;2026-03-30 10:53:02.900693+00;2026-05-21 13:11:51.77205+00
4f83e487-5128-4290-8e90-7fbf0953cd32;699f0bce-5c0b-40ba-b170-b8bd4b694437;2;87670.42;2026-04-08 09:33:42.826315+00;2026-04-16 13:34:16.131149+00
08bb9b15-52f0-49c9-9b3b-576becc95afe;c3943538-5015-43ab-9f65-8d99601bc6c2;1;4146.12;2026-03-18 13:11:03.626056+00;2026-04-16 14:42:48.935239+00
cd2e87b7-b076-4252-a7b0-f8f99d737f85;00d42f96-49dc-456a-ba98-089cb3aae3eb;0;5000;2026-05-13 15:00:22.231338+00;2026-05-13 15:09:12.374737+00
9efa03d1-2244-4eeb-8da9-170df989e79e;a883d953-f637-43b9-8cb4-bbabb37a2c17;0;46643.81;2026-04-07 17:35:52.312691+00;2026-04-14 08:19:43.979154+00
03100a71-3da7-4dc0-86c4-464fa138d8e2;c050f0a2-bd32-44fc-8525-d88e3f7be852;2;15547.94;2026-03-30 08:42:36.111335+00;2026-04-15 11:46:59.625179+00
ff88ca5f-4679-44ac-ac11-bd36dc2a1840;0313a76e-1dd7-47d2-a8dd-12de46a5a54b;1;11401.82;2026-03-09 10:00:17.564073+00;2026-05-13 17:06:34.83803+00
95e8423a-d76a-44f8-abaa-7854ceddb080;18fd4271-7baa-40d4-86ef-7c0ad31352cd;0;26966.98;2026-03-16 14:35:26.923479+00;2026-04-16 08:42:35.086336+00
148bcbca-8e82-45c1-a5c4-c26f3355e656;d48a6d0a-4c6d-4a6c-a8a1-3da8e045c4ea;3;26816.84;2026-03-16 13:15:24.329451+00;2026-05-13 17:02:58.345182+00
ea3b1c88-d6df-4aeb-a0be-0edad394e6ba;6b149ecf-d4f7-4110-839e-08defa2f941c;0;34036.75;2026-03-07 15:08:53.194373+00;2026-04-20 08:13:57.630037+00
7da83b54-fd22-4610-a4b6-00cfef96abb4;e41ea382-55ed-47a2-9f04-b431e4e5f60d;2;27986.29;2026-03-30 08:56:59.439796+00;2026-04-20 08:18:27.58035+00
8048224e-f9ff-49be-9bb9-b2d3def46497;5cc34ce4-67b1-497f-a447-9d65ea975923;1;6737.44;2026-03-09 10:03:12.407722+00;2026-05-21 14:15:11.350733+00
8af63eb9-b9be-4cb9-b5e9-f0a996bbd2ce;1fc6829b-c348-4670-a330-b1de9cd25874;2;400.00;2026-04-08 14:07:19.685872+00;2026-04-23 09:13:25.328646+00
65d9928e-7a1f-4a5f-999d-9dffb79ca504;affbd714-e9c5-4090-adfc-154cfca159d4;0;16000;2026-04-21 11:58:29.294072+00;2026-04-21 11:58:29.294072+00
f8366800-a873-48c2-8981-50a3c1a32dac;95b0a944-9ab9-48ac-86b1-9b486d774e42;6;17361.47;2026-04-21 13:29:18.651631+00;2026-04-23 08:28:41.674657+00
79534928-a2fd-4190-8c6a-8fb0ab69f409;c5e28e35-e283-4040-9d30-38b3885325e2;1;102126.26;2026-04-21 14:56:44.551344+00;2026-04-23 08:29:13.24258+00
b80f6e04-7147-4430-afc4-ece637aa7462;7caed666-b017-43fb-9823-81e66e3faaea;5;54993.84;2026-03-30 11:53:37.58289+00;2026-04-27 14:09:42.203419+00
671a676f-2e3c-4c83-8dd6-30461959b68b;ad32f4e9-e48f-44bb-a3de-44c2a33a3ec9;0;67417.46;2026-03-30 10:33:48.052295+00;2026-04-23 16:06:10.257032+00
299f15a8-6429-406d-96fb-fd7e73f1c308;c271ed01-34cf-4b76-8332-fefd7a45a478;10;4150.48;2026-04-08 10:22:18.717666+00;2026-04-28 12:18:28.032022+00
bbafba4f-cfe6-4c45-8dfc-1cc6a232f194;b3cb412f-c80c-417f-9301-30b808573139;12;1551.66;2026-04-21 13:36:33.518849+00;2026-04-23 08:35:28.693736+00
1e0c84c6-b0c0-4909-b680-204f01ba65b6;7a9bc8db-cdae-47bd-9a35-5fd23755f100;0;98533.21;2026-03-16 12:38:02.75135+00;2026-05-11 09:15:51.932746+00
c59876af-7348-41cf-b601-08e871d37f04;60152956-71df-4c02-bc1a-275823d6ed21;1;22691.17;2026-03-30 10:44:02.769396+00;2026-05-13 17:02:58.727546+00
9fac66d6-e593-4c25-ad18-0a3bb50dc408;962d93e7-4ead-4aba-ba8c-83546fc7e9cd;2;26966.98;2026-03-16 12:24:22.633821+00;2026-04-29 14:05:37.588845+00
533f8570-503a-4410-ab5c-0ba4e0690f50;51018d12-7f8e-4399-bbcb-9fa29f6bec09;0;58790.75;2026-04-15 11:50:18.813698+00;2026-04-23 09:10:11.921115+00
2e832f55-b7cd-4e5e-b850-23bfd73597f1;dce4428c-5757-4393-a48e-75196c1357c1;0;22818.22;2026-03-16 14:06:26.232024+00;2026-05-13 17:02:57.131549+00
ee00a184-3d65-462f-8457-b906a4d45da0;426e110d-3dfa-490d-b92e-38b4ad4f317d;1;36099.59;2026-03-30 09:27:37.753204+00;2026-04-23 09:19:14.259495+00
e464c583-76fa-4027-b3e8-90fe50f8cce4;436e7b87-77a5-4d8d-8cd2-7f30ed2e1a9a;4;24892.60;2026-03-16 13:03:22.661125+00;2026-05-21 13:08:18.094692+00
c8515704-c028-4530-9310-7a6d0c6d5671;da96e95b-35d7-4579-a100-e46ba9891e03;2;51063.13;2026-04-21 13:47:40.41078+00;2026-04-23 16:08:10.915715+00
7d435d4d-15b1-4afc-bde1-b5bbfe72232b;cbe1b5a8-1ca1-49a6-b0bf-ce31ef0e00ed;1;134748.78;2026-04-07 17:41:46.006662+00;2026-04-27 11:24:09.714304+00
e4773df3-3c56-45ee-9d3c-3d3b986fc439;8cc4044b-dfc0-4c2a-841e-59e72a445576;1;139241.26;2026-03-30 10:14:07.565753+00;2026-04-28 16:05:07.344207+00
8e647cd9-d097-4fcc-b9bb-8f19408a9caa;55f11f47-703e-4ddd-8230-f48aec8c2cc8;12;82952.7;2026-05-18 12:52:28.545411+00;2026-05-18 12:52:28.545411+00
95fed268-d851-414b-aba9-871240a5528b;d98c987b-4956-4639-8d73-e25d53543dfb;1;24902.87;2026-04-27 13:58:08.393634+00;2026-04-27 13:58:08.393634+00
a7e90634-e1d4-42f3-8a6b-70f92ccf2ec3;bce051e5-1bb4-453c-afea-5cd736ce83d6;12;950.15;2026-03-30 08:37:26.271188+00;2026-05-07 13:32:35.466304+00
de994b0b-1b6e-41b2-9b8b-9f21cf05c2b3;64176456-6b9f-43e9-9240-d89ff1885e05;0;18049.79;2026-03-07 15:04:23.434521+00;2026-05-06 11:29:12.964394+00
3264c829-5387-4a0a-b429-0d5186e41dea;b3cb412f-c80c-417f-9301-30b808573139;0;1556.43;2026-02-12 15:44:00.788367+00;2026-05-06 11:29:14.302673+00
f7a62be0-5748-4846-ab67-ce8e90f749e9;cd0aaa13-8943-45d3-a2ed-f00d7fa46fd8;11;2068.88;2026-04-21 13:35:55.901666+00;2026-05-21 14:07:29.789838+00
dae3dc80-903d-4358-a92f-03f0a278bb5f;42defb50-33a6-42b6-8a11-1eec92d3db0e;0;10723.26;2026-04-21 15:03:52.923654+00;2026-05-14 12:53:18.381801+00
60bcd163-912b-4e45-b047-8cba4043684d;8c66ec1f-0792-49fb-91cd-03d74e92c623;6;18102.74;2026-04-21 13:39:58.488877+00;2026-05-11 11:29:54.117116+00
b84959c9-b3b5-4f6f-8b04-fc0b77488e08;eff6102c-7889-4aa5-93ab-a0b3572fbbdd;12;11345.58;2026-04-08 09:22:57.36281+00;2026-05-13 15:09:14.910497+00
1d2d8967-189d-4a02-bf41-6b11ce6ea661;6e1cb195-a943-4587-a5e5-cfdbaa87cf15;13;2798.63;2026-03-17 09:20:47.515629+00;2026-05-13 17:02:58.072017+00
8e861092-884d-417a-a40e-aea5db91181b;f2c246ee-c141-434d-8605-986ac23a82d9;2;1862;2026-04-21 15:23:47.007344+00;2026-05-21 13:03:12.369736+00
d5a5d4a4-6a0d-48c4-aa21-b2f1a136731c;80f90a2b-e2d3-4b33-9719-12ac4acd9c81;2;138254.5;2026-05-19 08:26:36.846637+00;2026-05-19 08:29:51.831758+00
26ee4542-81c2-424a-9b15-59656ec33fc3;80c8a15c-d7e4-4395-b2c0-d50db9e0adc5;6;22333.42;2026-05-19 08:54:54.707842+00;2026-05-19 08:54:54.707842+00
57f0a4bf-53e0-42d4-984d-b217d45b3a3e;8c66ec1f-0792-49fb-91cd-03d74e92c623;6;18079.44;2026-05-19 15:45:14.182529+00;2026-05-19 15:45:14.182529+00
b5c92201-c537-4046-9922-d2e60da5dced;7bc6d0a0-90e3-4a5b-97a1-cb8a7a34ce7b;6;7976.22;2026-05-19 16:05:05.71409+00;2026-05-19 16:05:05.71409+00
49a5c3da-90d5-4b1d-9551-fba5b041c69d;8cc4044b-dfc0-4c2a-841e-59e72a445576;3;138254.5;2026-05-19 16:07:29.687887+00;2026-05-19 16:07:29.687887+00
0237c6e7-f45f-4188-8625-3cdf8f7ef301;ae6028a6-cbaa-4c71-8c78-7807ca0f9acb;14;32680.4;2026-04-21 13:01:34.860388+00;2026-05-21 13:01:52.111803+00
26f6bde2-d9be-4953-ba2b-90755b661ca7;4bb3664d-975f-4130-aae7-84a14d52f996;1;25929.79;2026-04-07 17:06:53.407617+00;2026-05-21 13:09:56.673351+00
5ccf3db9-c21b-446a-b06d-5f5062c37a62;553f9c8d-f78a-4e9e-ad19-bdbb7a4b19f8;22;16601.91;2026-04-08 09:55:13.364233+00;2026-05-21 13:18:04.759739+00
d6ccd90c-9c74-4a17-8a0c-7278c9b4d17d;535993b6-44c4-4a4e-81c4-95074235cd6c;9;11409.11;2026-03-16 11:20:19.524779+00;2026-05-21 14:04:54.134872+00
f15580e3-e381-4fbf-9b3d-c2c15290a54d;fea2ec33-4d27-42d1-bb65-179fc07242be;2;148889.47;2026-05-19 15:46:53.51758+00;2026-05-26 09:09:00.072362+00