id;name;description;price;original_price;category;collection;stock;status;images;rating;reviews_count;variations;created_at;updated_at;specifications;cost_price
22f39514-16bb-4b17-aeeb-0cbc5d85eeb5;6.5L Panasonic Airfryer;Spacious 6.5-litre air fryer. Designed for fast, even cooking with little or no oil, it’s perfect for frying, baking, roasting, and grilling.;55000;;Appliances;General;2;active;"[""https://uqvbzzuoxnohuhkasrdk.supabase.co/storage/v1/object/public/product-images/products/1769518458870-s0k5f0z5y8s.jpeg""]";0;0;;2026-01-27 12:55:05.984049+00;2026-04-27 11:37:39.218654+00;"[{""key"":""Capacity"",""value"":""6.5l""}]";36000
51018d12-7f8e-4399-bbcb-9fa29f6bec09;Dz5110 Granite Pot Set;stylish and durable cookware set designed for efficient everyday cooking. Features a premium granite non-stick coating for easy cooking and cleaning, with even heat distribution for great results.;80000;;Cookware;General;1;active;"[""https://uqvbzzuoxnohuhkasrdk.supabase.co/storage/v1/object/public/product-images/products/1769518880436-wqjk9qw72.jpeg""]";0;0;;2026-01-27 13:01:38.714152+00;2026-05-13 15:09:12.681046+00;;56894.32
2a06cc07-99cf-4eee-880a-0fcac531e550;Vmigo 5pcs pot set;Vmigo pot ;165000;;Cookware;General;3;active;"[""https://uqvbzzuoxnohuhkasrdk.supabase.co/storage/v1/object/public/product-images/products/1776786043987-m4k4h3pkoq.jpeg""]";0;0;;2026-04-21 15:22:12.907357+00;2026-04-28 10:48:22.737661+00;;118960.86
a774fef2-cd36-41a2-88ed-d98812433e7c; 5L Giftmaster Whistling Kettle;"large 5-litre stainless steel kettle. Comes in beautiful, attractive colours and features a loud whistle to alert you when the water is ready. Durable, fast-heating, and perfect for home or office use.
";15000;;Cookware;General;20;active;"[""https://uqvbzzuoxnohuhkasrdk.supabase.co/storage/v1/object/public/product-images/products/1776788884648-7gfzaovy909.jpeg""]";0;0;;2026-01-27 12:41:36.841902+00;2026-05-21 14:07:33.350011+00;"[{""key"":""Capacity"",""value"":""5.0 L""}]";8641.67
d98c987b-4956-4639-8d73-e25d53543dfb;2.5L Kenwood Blender;Powerful and spacious blender with a 2.5-litre capacity, perfect for blending smoothies, soups, sauces, and more. Designed for efficient performance and smooth results, it’s durable & easy to use.;40000;;Appliances;General;2;active;"[""https://uqvbzzuoxnohuhkasrdk.supabase.co/storage/v1/object/public/product-images/products/1769516327663-9j065zijwmu.jpeg""]";0;0;;2026-01-27 12:19:07.416427+00;2026-05-21 14:15:10.966403+00;;21712.39
a605ee72-5d0e-47d4-b70a-fa06cf8d2d96;6PCS ALUMIUM POT SET;Original Aluminium pot set for fast and even heat distribution, this set is perfect for preparing a variety of meals.;95000;;Cookware;General;2;active;"[""https://uqvbzzuoxnohuhkasrdk.supabase.co/storage/v1/object/public/product-images/products/1775643513570-rk1bsl0w63r.jpeg""]";0;0;;2026-04-07 15:39:02.513929+00;2026-05-18 09:10:21.275021+00;;64500
07672864-ed5e-4adf-bd41-63e5dd585579;MAxi 50by50 Oven & Gas;A versatile and powerful kitchen appliance combining an oven and gas cooker in one. Perfect for baking, roasting, and cooking a variety of meals efficiently. Durable, easy to use, and ideal for home kitchens looking for convenience and style.;180000;;Cookware;General;2;active;"[""https://uqvbzzuoxnohuhkasrdk.supabase.co/storage/v1/object/public/product-images/products/1773845023566-393jx02n7pz.jpeg""]";0;0;;2026-01-27 12:13:51.707521+00;2026-04-28 10:48:22.737661+00;;150454.84
00d42f96-49dc-456a-ba98-089cb3aae3eb;Sumo Frypan;Sumo Frypan;10000;;Cookware;General;0;active;"[""https://uqvbzzuoxnohuhkasrdk.supabase.co/storage/v1/object/public/product-images/products/1778684332802-hvly55l0tyc.webp""]";0;0;;2026-05-13 15:00:21.467805+00;2026-05-13 15:09:12.374737+00;;5000
d2deab8e-09e8-4dce-99f5-093acac1f044;11pcs Cast Iron Pot;A heavy-duty cookware set designed for excellent heat retention and even cooking.;300000;;Cookware;General;1;active;"[""https://uqvbzzuoxnohuhkasrdk.supabase.co/storage/v1/object/public/product-images/products/1769516695402-fm6kw4ej8i7.jpeg""]";0;0;;2026-01-27 12:25:02.726156+00;2026-01-27 12:25:02.726156+00;;235000
3ab861db-da7c-45d9-8759-c6a29ff2a7c0;6.5L Silvercrest Airfryer;Spacious 6.5-litre air fryer. Designed for fast, even cooking with little or no oil, it’s perfect for frying, baking, roasting, and grilling.;55000;;Appliances;General;6;active;"[""https://uqvbzzuoxnohuhkasrdk.supabase.co/storage/v1/object/public/product-images/products/1769518163015-u7vimguo20s.jpeg""]";0;0;;2026-01-27 12:50:05.026748+00;2026-05-19 08:44:07.929094+00;"[{""key"":""Capacity"",""value"":""6.5L""}]";36000
c72d919d-5563-4f75-9e78-b1779fb7eac3;3in1 set tray Gold and silver;Stylish and versatile 3 tray set perfect for serving, organizing, or decorating. Made from durable, eco-friendly, these trays are ideal for snacks, drinks, and everyday use.;40000;;Utensils;General;1;active;"[""https://uqvbzzuoxnohuhkasrdk.supabase.co/storage/v1/object/public/product-images/products/1773844360512-srhlb7hx5m.jpeg"",""https://uqvbzzuoxnohuhkasrdk.supabase.co/storage/v1/object/public/product-images/products/1773844370910-2uqhpqamt5u.jpeg""]";0;0;;2026-01-27 12:28:54.240084+00;2026-04-09 15:31:43.881748+00;;25913.23
5cd2731c-ac43-4493-b726-9e87c3ef361a;Cookware Cleaner;Gentle yet effective cleaner specially formulated to remove grease, stains, and burnt residue from pots, pans, and cookware. Safe on all surfaces, it restores shine while protecting your cookware, making it ideal for everyday kitchen use.;4500;;Utensils;General;1;active;"[""https://uqvbzzuoxnohuhkasrdk.supabase.co/storage/v1/object/public/product-images/products/1769519283137-98wkdis2kv.jpeg""]";0;0;;2026-01-27 13:08:11.473537+00;2026-04-07 14:23:28.012132+00;;2500
e1386556-10dd-4fad-bf76-996a1981bf02;34cm Wok Pan;Versatile wok pan. Features a durable non-stick surface and fast thermal conduction for even, quick cooking. Perfect for stir-frying, sautéing, and preparing a variety of delicious meals with ease.;30000;;Cookware;General;1;active;"[""https://uqvbzzuoxnohuhkasrdk.supabase.co/storage/v1/object/public/product-images/products/1776787948907-rp81n7yo56m.jpeg""]";0;0;;2026-01-28 08:56:17.629422+00;2026-05-13 17:04:09.652518+00;;18881.84
affbd714-e9c5-4090-adfc-154cfca159d4;Granite Frypan 28cm;Granite Frypan 28cm;25000;;Cookware;General;1;active;"[""https://uqvbzzuoxnohuhkasrdk.supabase.co/storage/v1/object/public/product-images/products/1776772555331-22xbp82af5ni.jpeg""]";0;0;;2026-04-21 11:55:59.875601+00;2026-04-21 11:59:31.766882+00;;16000
3e75cc5f-fb56-43a9-ba53-da018599d5dd;3.6L Dispenser Bucket with 4 Cups;"This 3.6-litre dispenser comes with 4 matching cups, making it perfect for juice, water, or other beverages.
";35000;;Storage;General;0;active;"[""https://uqvbzzuoxnohuhkasrdk.supabase.co/storage/v1/object/public/product-images/products/1769589281974-tzwojnzhqca.jpeg""]";0;0;;2026-01-28 08:35:27.604894+00;2026-04-09 15:31:46.763745+00;;26000
0e1644f1-a4ec-434c-950d-46a6d90923c4;Wireless Vacuum Cleaner;Enjoy stress-free cleaning with this powerful cordless vacuum cleaner. Designed for convenience and flexibility, it allows easy movement without cables while delivering efficient suction for floors, carpets, and hard-to-reach areas. Lightweight, rechargeable, and perfect for quick daily cleaning.;30000;;Appliances;General;1;active;"[""https://uqvbzzuoxnohuhkasrdk.supabase.co/storage/v1/object/public/product-images/products/1776788822254-lyfzcq2ci4.jpeg""]";0;0;;2026-01-28 08:21:07.791424+00;2026-04-21 16:27:06.982436+00;;15000
83fb2565-eab2-4e1e-8023-088ba80e2053;Feenik Vacuum Jug Set (& 1.0L);Keep your drinks hot or cold for hours with this convenient vacuum jug set. Perfect for tea, coffee, or water at home, office, or outdoor use. Durable & leak-proof,;28000;;Storage;General;1;active;"[""https://uqvbzzuoxnohuhkasrdk.supabase.co/storage/v1/object/public/product-images/products/1773837828601-yvkq6thzylh.jpeg""]";0;0;;2026-01-28 08:11:07.319088+00;2026-04-07 17:21:15.771889+00;;17620.99
21fa53be-9301-4578-bc87-aee339a306b5;1.9L Food Flask;Keep your meals hot or cold on the go with this spacious 1.8-litre food flask.;25000;;Storage;General;0;active;"[""https://uqvbzzuoxnohuhkasrdk.supabase.co/storage/v1/object/public/product-images/products/1775663580699-7rmm935tqs6.jpeg""]";0;0;;2026-01-28 08:46:46.527512+00;2026-04-23 16:06:12.33562+00;"[{""key"":""Capacity"",""value"":""1.9L""}]";15000
9bf8f7b0-7501-45b0-941a-fbc59f76bb06;Fancy Storage Container;Stylish and practical container for keeping your kitchen or pantry organized. Ideal for storing dry foods, snacks, or household items, it’s durable, easy to clean, and adds a touch of elegance to any space.;18000;;Storage;General;4;active;"[""https://uqvbzzuoxnohuhkasrdk.supabase.co/storage/v1/object/public/product-images/products/1773660494213-4sb9o04etjw.jpeg"",""https://uqvbzzuoxnohuhkasrdk.supabase.co/storage/v1/object/public/product-images/products/1775733787679-skvynpmlmnc.jpeg""]";0;0;;2026-01-28 08:51:58.715207+00;2026-04-09 11:23:11.600365+00;;12458.56
7c5dd3ba-4649-4d4c-9b59-eba8dafd2208;3 in 1 Transparent Trays;Elegant 3-piece tray set. Made of durable transparent material and accented with classy gold rims.;20000;;Storage;General;0;active;"[""https://uqvbzzuoxnohuhkasrdk.supabase.co/storage/v1/object/public/product-images/products/1769589044200-8xn9n2kgut6.jpeg""]";0;0;;2026-01-28 08:30:51.946772+00;2026-05-07 13:32:35.801332+00;;9500
ee039cce-5479-4e27-9133-feded8f5810d;20L Hisense Microwave;– Cook, reheat, and defrost with ease using this 20-litre Hisense microwave. Compact yet powerful, it delivers even heating and quick results.;85000;;Appliances;General;4;active;"[""https://uqvbzzuoxnohuhkasrdk.supabase.co/storage/v1/object/public/product-images/products/1769588674955-omj226pny.jpeg""]";0;0;;2026-01-28 08:24:44.919955+00;2026-05-21 13:11:51.77205+00;;77821.47
bf2050e5-c9b0-4371-a2b8-5249309e0247;2L Boscon Electric Jug;Fast and convenient electric jug with a 2-litre capacity, perfect for boiling water quickly. Ideal for tea, coffee, and everyday hot water needs at home or in the office. Durable, easy to use, and energy-efficient.;15000;;Appliances;General;16;active;"[""https://uqvbzzuoxnohuhkasrdk.supabase.co/storage/v1/object/public/product-images/products/1769591182749-m11e9rw92q.jpeg""]";0;0;;2026-01-28 09:06:34.955853+00;2026-05-11 11:36:11.464875+00;;6741.75
596054f5-6b48-4951-ab51-12e81d2efc63;Big Foam Sponge;"Soft, durable, and gentle on non-stick cookware. Perfect for cleaning dishes, surfaces, and kitchen utensils without scratching. Absorbent and long-lasting, making daily cleaning easy and safe for all your kitchen items.
";500;;Cookware;General;0;active;"[""https://uqvbzzuoxnohuhkasrdk.supabase.co/storage/v1/object/public/product-images/products/1769519501541-z0givpv9fr.jpeg""]";5;1;;2026-01-27 13:11:49.569439+00;2026-04-23 09:13:24.703047+00;;317
31f7a685-f7ef-44e7-a45b-336c4be92bea;1L Vaccum BottleKeep;Keep your drinks hot or cold for hours with this sleek 1-litre vacuum bottle. Perfect for travel, office, or outdoor use, it’s durable, leak-proof, and designed for convenient on-the-go hydration.;10000;;Storage;General;8;active;"[""https://uqvbzzuoxnohuhkasrdk.supabase.co/storage/v1/object/public/product-images/products/1769589594855-ka0we70cva.jpeg""]";0;0;;2026-01-28 08:40:29.126091+00;2026-04-23 16:06:11.435597+00;"[{""key"":""Capacity"",""value"":""1.l""}]";5000
b90b00ab-cf16-442d-9f6e-cf11a9b18931;Kenwood Glass Top Table Gas Cooker;Stylish and durable tempered glass table top cooker. Features fast, even heating and a sleek design that fits any kitchen;45000;;Appliances;General;0;active;"[""https://uqvbzzuoxnohuhkasrdk.supabase.co/storage/v1/object/public/product-images/products/1769595408317-g3tl95o4455.jpeg""]";0;0;;2026-01-28 10:16:55.758532+00;2026-04-27 12:53:02.040435+00;;28000
00bd2057-060c-4a36-aa0e-6a2645549a3a;3pcs round dish serving set;Eleegant 3-piece round dish set that adds a touch of sophistication to your table while being durable and practical for daily use.;75000;;Storage;General;0;active;"[""https://uqvbzzuoxnohuhkasrdk.supabase.co/storage/v1/object/public/product-images/products/1769594359555-v10bg04hk7r.jpeg""]";0;0;;2026-01-28 09:59:27.228154+00;2026-01-28 09:59:27.228154+00;;50000
5032802d-7d0f-4bbe-8ab6-9a73f36d8e68;Silicone Air Fryer Liner;"A reusable, heat-resistant liner designed to fit 6.5L air fryers perfectly. Prevents food from sticking, reduces oil mess, and makes cleaning easy. Durable and food-safe.
";5000;;Bakeware;General;5;active;"[""https://uqvbzzuoxnohuhkasrdk.supabase.co/storage/v1/object/public/product-images/products/1769593850975-js9evtzdc3.jpeg""]";0;0;;2026-01-28 09:50:57.917012+00;2026-04-29 08:54:56.616316+00;;2700
d7516988-ca63-4a17-9967-fb1466e91183;43pcs G and L stainless steel pot;43pcs stainless steel pot;170000;;Cookware;General;0;active;"[""https://uqvbzzuoxnohuhkasrdk.supabase.co/storage/v1/object/public/product-images/products/1776785986539-tfifdukrwzc.jpeg""]";0;0;;2026-04-21 15:27:47.1772+00;2026-05-11 11:37:30.280825+00;;139649.70
c1a960af-0878-4f02-94c0-d3cd48c0e454;Minoti Electric Jug;A stylish and efficient electric jug designed for quick boiling. Comes in a beautiful blue colour that adds a modern touch to your kitchen.;15000;;Appliances;General;0;active;"[""https://uqvbzzuoxnohuhkasrdk.supabase.co/storage/v1/object/public/product-images/products/1769591584792-k40wllmnre.jpeg""]";0;0;;2026-01-28 09:14:37.216757+00;2026-04-08 10:50:57.768723+00;"[{""key"":""Capacity"",""value"":""2.0l""}]";7500
ca9ed6f5-9b91-4ec4-805e-8fb325c7c00f;Veggie Cutter;This 16-Piece Veggie Cutter Set makes food prep fast and effortless. Comes with multiple interchangeable blades for slicing, dicing, grating, and chopping different vegetables and fruits. Durable, easy to use, and perfect for saving time in the kitchen.;10000;;Cookware;General;11;active;"[""https://uqvbzzuoxnohuhkasrdk.supabase.co/storage/v1/object/public/product-images/products/1770898183718-49xf1peab0y.jpeg"",""https://uqvbzzuoxnohuhkasrdk.supabase.co/storage/v1/object/public/product-images/products/1773662013827-i9sxzhddumb.jpeg""]";0;0;;2026-02-12 12:10:12.206938+00;2026-05-07 14:03:03.722532+00;;6723.87
6819dc40-ca7f-4d5c-9543-71ed1d454b5b;9pcs Alfa Korkmaz Stainless Pots;9pcs Alfa Korkmaz Stainless Pot Set is a premium-quality stainless steel cookware designed for durability and efficient cooking. Ideal for preparing a wide range of meals while adding a sleek look to your kitchen.;130000;;Cookware;General;2;active;"[""https://uqvbzzuoxnohuhkasrdk.supabase.co/storage/v1/object/public/product-images/products/1769592637248-vcq1uxkswf8.jpeg""]";0;0;;2026-01-28 09:30:47.863473+00;2026-05-19 09:08:37.202337+00;;101032.14
553f9c8d-f78a-4e9e-ad19-bdbb7a4b19f8;24pcs cutlery set;24-piece gold cutlery set. Crafted from high-quality stainless steel and coated in a luxurious gold finish, it combines elegance, durability, and modern aesthetics.;25000;;Utensils;General;22;active;"[""https://uqvbzzuoxnohuhkasrdk.supabase.co/storage/v1/object/public/product-images/products/1769593611057-ew5wi1cysdu.jpeg""]";0;0;;2026-01-28 09:47:05.545409+00;2026-05-21 13:18:04.759739+00;;16601.91
cca22f9a-d02a-4012-8aea-cedf2105d87d;5 Layers Food Dehydrator;Food dehydrator;60000;;Storage;General;1;active;"[""https://uqvbzzuoxnohuhkasrdk.supabase.co/storage/v1/object/public/product-images/products/1775662911028-87kfnr6tyo.jpeg""]";0;0;;2026-01-28 10:24:23.774022+00;2026-04-08 15:41:59.703902+00;;46000
ca49e205-e000-4537-b05e-01950c6c7bc9;Kenwood Stainless Top Table Gas Cooker;Durable stainless steel table gas cooker. Compact, reliable, and perfect for everyday home or small kitchen use.;40000;;Cookware;General;2;active;"[""https://uqvbzzuoxnohuhkasrdk.supabase.co/storage/v1/object/public/product-images/products/1769594842572-drqngck9vqc.jpeg""]";0;0;;2026-01-28 10:08:20.441979+00;2026-04-07 15:45:57.991007+00;;21000
cb77dcf4-84f9-451f-884f-96048fa031c4;10pcs Cereal Storage Container Set;Keeps your cereals and dry foods fresh and neatly organized. This set includes 5 storage containers and 5 covers, designed for easy storage and airtight sealing. Durable, space-saving, and perfect for maintaining a tidy, organized kitchen.;10000;;Storage;General;0;active;"[""https://uqvbzzuoxnohuhkasrdk.supabase.co/storage/v1/object/public/product-images/products/1769592024640-jf91196amk.jpeg""]";0;0;;2026-01-28 09:21:36.954558+00;2026-05-11 09:18:31.396516+00;;6000
f0e3db1e-2159-4bad-b3a7-380060897a43;Bamboo Chopping Board;Bamboo Chopping Board;8000;;Utensils;General;12;active;"[""https://uqvbzzuoxnohuhkasrdk.supabase.co/storage/v1/object/public/product-images/products/1779178823074-oct437cei3.jpeg""]";0;0;;2026-05-18 09:08:00.374289+00;2026-05-19 08:20:27.213937+00;;4041.29
265103de-f785-432d-afb0-4d02e15dbea0;5l Layers Storage Rack;5l Layers Storage Rack;55000;;Storage;General;2;active;"[""https://uqvbzzuoxnohuhkasrdk.supabase.co/storage/v1/object/public/product-images/products/1779179001880-3uiunr1otne.jpeg""]";0;0;;2026-05-19 08:24:26.430406+00;2026-05-19 08:24:26.738639+00;;47857.33
4c606062-d69c-4775-bd75-dc311e84e89f;18-Jar Rotating Spice Rack;"Keep your spices organized and easily accessible with this rotating spice rack. Comes with 18 jars for storing a variety of herbs and seasonings. Space-saving, practical, and perfect for any kitchen setup.
";25000;;Storage;General;3;active;"[""https://uqvbzzuoxnohuhkasrdk.supabase.co/storage/v1/object/public/product-images/products/1769517152132-m4t3j4doa.jpeg"",""https://uqvbzzuoxnohuhkasrdk.supabase.co/storage/v1/object/public/product-images/products/1769517162554-v9gl1k4sss.jpeg""]";0;0;;2026-01-27 12:33:08.983288+00;2026-05-18 09:01:51.987082+00;;14888.95
80c8a15c-d7e4-4395-b2c0-d50db9e0adc5;Dish Drainer;Dish Drainer;30000;;Cookware;General;6;active;"[""https://uqvbzzuoxnohuhkasrdk.supabase.co/storage/v1/object/public/product-images/products/1779180882810-whc2xvzjmn7.jpeg""]";0;0;;2026-05-19 08:54:54.086812+00;2026-05-19 08:54:54.707842+00;;22333.42
6da261a4-a0a3-4da6-b3a4-45c53e48d0db;6L Pyramid Electric Kettle;A large-capacity electric kettle designed for fast and convenient boiling.;35000;;Appliances;General;6;active;"[""https://uqvbzzuoxnohuhkasrdk.supabase.co/storage/v1/object/public/product-images/products/1769610568728-s7082hzaqdm.jpeg""]";0;0;;2026-01-28 14:30:11.509468+00;2026-03-16 13:06:11.88702+00;"[{""key"":""Capacity"",""value"":""6l""}]";23733.2
ee04fd6e-e0fc-4532-bea2-2243129e3e4c;7-Piece Kettle & Cup Set;Elegant and durable glassware set, perfect for serving tea or hot beverages. Made with high borosilicate and soda-lime glass for heat resistance and long-lasting use.;30000;;Storage;General;0;active;"[""https://uqvbzzuoxnohuhkasrdk.supabase.co/storage/v1/object/public/product-images/products/1775663056109-dyjgiohdd7s.jpeg""]";0;0;;2026-01-28 08:16:37.988346+00;2026-04-09 15:31:46.117643+00;;19000
700e25ed-2474-485b-936d-c0eb40a79a6a;Mama Home Infrared Electric Cooker;"Cook faster and safer with this efficient infrared electric cooker. Provides even heat distribution, quick cooking, and easy temperature control. Ideal for homes, hostels, and small kitchens, with a sleek design that’s easy to clean and maintain.
";50000;;Appliances;General;4;active;"[""https://uqvbzzuoxnohuhkasrdk.supabase.co/storage/v1/object/public/product-images/products/1776788239242-73nys2gz9tm.jpeg""]";0;0;;2026-01-27 12:45:27.0305+00;2026-04-21 16:17:24.17864+00;;33152.11
633b4b61-6aef-408d-996e-a58058b431a0;24pcs Storage Container;24pcs Storage Container;55000;;Storage;General;3;active;"[""https://uqvbzzuoxnohuhkasrdk.supabase.co/storage/v1/object/public/product-images/products/1779108821823-uc78v7ryabp.jpeg""]";0;0;;2026-05-18 12:53:47.786995+00;2026-05-18 12:53:48.223338+00;;47857.33
b0f3abd2-2880-4004-8941-cd6cb1f2046c;Boscon Table Gas Cooker;A compact and efficient table gas cooker designed for fast and reliable cooking. Durable, space-saving, and ideal for everyday meals.;30000;;Appliances;General;2;active;"[""https://uqvbzzuoxnohuhkasrdk.supabase.co/storage/v1/object/public/product-images/products/1769596549377-zj8dx266ywg.jpeg"",""https://uqvbzzuoxnohuhkasrdk.supabase.co/storage/v1/object/public/product-images/products/1769596556447-b9vjh5w73yh.jpeg""]";0;0;;2026-01-28 10:36:04.49241+00;2026-04-07 15:48:17.450302+00;;17000
e40b9215-46e1-4f5f-9f34-6c581f651be0;4-Partition Portion Pan (Non-Stick Granite);For cooking multiple foods at once. This 4-partition pan features a durable granite non-stick coating for easy cooking and cleaning. Ideal for eggs, pancakes, snacks, and portion-controlled meals, with even heat distribution for great results.;15000;;Cookware;General;0;active;"[""https://uqvbzzuoxnohuhkasrdk.supabase.co/storage/v1/object/public/product-images/products/1769590817841-i5yw7p8fy2h.jpeg""]";0;0;;2026-01-28 09:00:28.65861+00;2026-04-08 10:52:51.108987+00;;9000
10a68982-b823-463b-96b2-2c058cdaab46;28cm Non-Stick Frying Pan;Perfect size for everyday frying and sautéing. Features a durable non-stick coating for easy cooking with little oil and quick cleanup. Heats evenly for consistent results;18000;;Cookware;General;1;active;"[""https://uqvbzzuoxnohuhkasrdk.supabase.co/storage/v1/object/public/product-images/products/1769597319855-xu1n3gews4b.jpeg""]";0;0;;2026-01-28 10:48:25.315241+00;2026-04-28 10:48:22.737661+00;"[{""key"":""Capacity"",""value"":""28cm""}]";7800.00
d608ee57-8889-4a35-865e-fec3b166829e;30cm Non-Stick Frying Pan;Extra-large frying pan ideal for family-sized meals. Designed with a durable non-stick coating for healthier cooking with less oil and easy cleaning. Provides even heat distribution, making it perfect for frying, sautéing, and stir-frying.;20000;;Cookware;General;0;active;"[""https://uqvbzzuoxnohuhkasrdk.supabase.co/storage/v1/object/public/product-images/products/1769597121143-wttymw74ja.jpeg""]";0;0;;2026-01-28 10:45:52.063963+00;2026-04-07 15:53:08.936179+00;"[{""key"":""Capacity"",""value"":""30cm""}]";10000
d66d2064-0d96-419c-b8e7-f80831368a9a;26cm Non-Stick Frying Pan;Perfect size for everyday frying and sautéing. Features a durable non-stick coating for easy cooking with little oil and quick cleanup. Heats evenly for consistent results;15000;;Cookware;General;0;active;"[""https://uqvbzzuoxnohuhkasrdk.supabase.co/storage/v1/object/public/product-images/products/1769597404279-byztggziw9e.jpeg""]";0;0;;2026-01-28 10:50:42.749918+00;2026-04-09 10:36:03.077802+00;"[{""key"":""Capacity"",""value"":""26cm""}]";8500
7bc6d0a0-90e3-4a5b-97a1-cb8a7a34ce7b;2in1 Kitchen Mat;2in1 Kitchen Mat;15000;;Cutlery;General;6;active;"[""https://uqvbzzuoxnohuhkasrdk.supabase.co/storage/v1/object/public/product-images/products/1779206697581-vq0naubl1mj.jpeg""]";0;0;;2026-05-19 16:05:05.465171+00;2026-05-19 16:05:05.71409+00;;7976.22
9624911e-b76d-4234-ab4c-675f64013f75;22L pyramid electric oven;A compact, 1200W countertop appliance designed for baking, grilling, and toasting, ;80000;;Appliances;General;1;active;"[""https://uqvbzzuoxnohuhkasrdk.supabase.co/storage/v1/object/public/product-images/products/1774869942678-k59jkhni3fk.jpeg""]";0;0;;2026-03-30 11:25:46.922513+00;2026-03-30 11:25:47.260999+00;;59144.32
145288de-404a-4ddd-a417-fe27fa225190;Table Mats;This Table Mats protect your table while adding a stylish touch to your dining space.;15000;;Cutlery;General;3;active;"[""https://uqvbzzuoxnohuhkasrdk.supabase.co/storage/v1/object/public/product-images/products/1773842523207-eg4wmt86zqh.jpeg""]";0;0;;2026-02-12 12:04:56.004504+00;2026-04-07 17:53:10.814525+00;;8292.23
6ac54497-bd1e-4fe6-b122-f99ade2a284d;Oil Spray Bottle;Easily spray oil for cooking, baking, or grilling with this handy, refillable bottle. Ensures even oil distribution for healthier meals, reduces waste, and keeps your kitchen tidy. Durable, reusable, and a must-have cooking accessory.;5000;;Storage;General;0;active;"[""https://uqvbzzuoxnohuhkasrdk.supabase.co/storage/v1/object/public/product-images/products/1769594732887-dkvvez1zgpa.jpeg""]";0;0;;2026-01-28 10:05:43.560357+00;2026-02-11 14:12:14.294308+00;;2000
2a877498-815d-4d25-8edc-1ad817369973;Wooden Spoon Set;A complete, stylish kitchen tool set that combines functionality and elegance. Includes multiple durable wooden spoons and a convenient stand for organized storage. Perfect for stirring, mixing, and serving while keeping your kitchen tidy and classy.;5000;;Utensils;General;47;active;"[""https://uqvbzzuoxnohuhkasrdk.supabase.co/storage/v1/object/public/product-images/products/1776958338087-ubntlbm90qn.jpeg""]";0;0;;2026-02-12 14:11:15.65178+00;2026-05-21 14:07:29.128384+00;;2350
00b32f72-27b9-402a-a68b-6c9d329fe88b;3in1 Family Trays; 3-in-1 family tray set typically consists of three nested trays of different sizes (small, medium, large) designed for versatile use in serving, decorating, and organizing.;20000;;Cookware;General;0;active;"[""https://uqvbzzuoxnohuhkasrdk.supabase.co/storage/v1/object/public/product-images/products/1773738248358-or2o49klj5g.jpeg""]";0;0;;2026-03-16 11:25:34.93707+00;2026-05-21 14:11:26.305715+00;;9500
668be9f4-b3bf-47b4-b290-c9a39f21b519;Tea cups with Jugs;Serve tea in style with this beautifully designed Arabian tea cup set. Perfect for traditional tea, coffee, or special gatherings, it adds an elegant cultural touch to your serving experience. ;80000;;Cutlery;General;0;active;"[""https://uqvbzzuoxnohuhkasrdk.supabase.co/storage/v1/object/public/product-images/products/1773844614563-x08kcyjmuhk.jpeg""]";0;0;;2026-01-28 10:42:37.332345+00;2026-04-09 15:31:41.518123+00;;57009.1
fc973660-f02b-4fed-9a78-df73df2f9f3c;Mirror Mug;Combines style and functionality while making every sip feel special. Durable, eye-catching, and ideal for everyday use or gifting.;5000;;Storage;General;8;active;"[""https://uqvbzzuoxnohuhkasrdk.supabase.co/storage/v1/object/public/product-images/products/1776787804931-imgqclpl4i.jpeg""]";0;0;;2026-01-28 10:20:41.491068+00;2026-04-21 16:10:12.514638+00;;2750
9e47c49c-1777-48ca-96cf-cd9f3f50929b;Zyre 4 Slice Sandwhich Maker;"It gives you a four slice sandwich maker
";35000;;Bakeware;General;0;active;"[""https://uqvbzzuoxnohuhkasrdk.supabase.co/storage/v1/object/public/product-images/products/1770897131208-25t5rgptq3s.jpeg""]";0;0;;2026-02-12 11:53:53.341963+00;2026-04-08 10:38:48.994392+00;;21000
2a70d1f9-7f89-47c9-8fb5-534271a98eaa;6pcs Tornado Aluminum Pots;Original Tornado aluminium pot set for fast and even heat distribution, this set is perfect for preparing a variety of meals.;100000;;Cookware;General;2;active;"[""https://uqvbzzuoxnohuhkasrdk.supabase.co/storage/v1/object/public/product-images/products/1769026321681-bifjxfwh0th.jpeg""]";0;0;;2026-01-21 20:12:23.937695+00;2026-05-18 09:09:40.174191+00;;77250
950a5c11-3bad-43c2-ab68-11ba555e18b5;Big Aluminium pot ;A very big aluminium pot set;80000;;Appliances;General;1;active;"[""https://uqvbzzuoxnohuhkasrdk.supabase.co/storage/v1/object/public/product-images/products/1776789385820-iy61ry1acdq.jpeg""]";0;0;;2026-04-21 16:36:31.435837+00;2026-05-09 11:09:00.114518+00;;51722.11
80c8a24b-8d5b-45cc-846e-2501f2cbfd56;Mama Home 4 Slice Grill Machine;This powerful 4-slice grill machine allows you grill more at once, it is perfect for sandwiches, meat, and snacks. Heats evenly for quick, tasty results and is easy to use and clean.;35000;;Appliances;General;1;active;"[""https://uqvbzzuoxnohuhkasrdk.supabase.co/storage/v1/object/public/product-images/products/1770897460984-hwgsyuv0ui9.jpeg""]";0;0;;2026-02-12 11:57:52.063875+00;2026-04-07 16:36:48.635869+00;;21781.03
20f52571-12c6-4ae8-8f65-16d2b79fab5c;Coffee Pot 1L;A 1l tea jug designed to keep beverages hot or cold for extended periods.;30000;;Cookware;General;1;active;"[""https://uqvbzzuoxnohuhkasrdk.supabase.co/storage/v1/object/public/product-images/products/1773740433339-sxfxswcu0ej.jpeg""]";0;0;;2026-03-17 09:40:41.508685+00;2026-03-17 09:40:41.823693+00;;15547.94
28632687-43a6-4e4e-80ae-0aeea348aaf4;3 Set Serving dish with hangers;Elegant 3-piece serving dish set, complete with hangers for a classy display. It adds a touch of luxury to your dining space. Available in gold and silver finishes to suit your décor.;80000;;Cookware;General;0;active;"[""https://uqvbzzuoxnohuhkasrdk.supabase.co/storage/v1/object/public/product-images/products/1770897736297-m78j14klke.jpeg"",""https://uqvbzzuoxnohuhkasrdk.supabase.co/storage/v1/object/public/product-images/products/1773838430931-xftg6gb626q.jpeg""]";0;0;;2026-02-12 12:02:22.830694+00;2026-04-07 15:54:45.982393+00;;55000
da96e95b-35d7-4579-a100-e46ba9891e03;10L Manual kenwood airfryer;A manual airfryer of 10l capacity;75000;;Appliances;General;2;active;"[""https://uqvbzzuoxnohuhkasrdk.supabase.co/storage/v1/object/public/product-images/products/1776779255747-no8wd62xpzc.jpeg""]";0;0;;2026-04-21 13:47:40.140691+00;2026-04-28 10:48:22.737661+00;;51063.13
ee9b920b-b17d-44b9-bed3-784f19419dfa;Speedy Chopper;Chop, dice, and mince in seconds. This handy kitchen tool makes food prep fast and effortless, perfect for vegetables, fruits, and herbs.;10000;;Utensils;General;5;active;"[""https://uqvbzzuoxnohuhkasrdk.supabase.co/storage/v1/object/public/product-images/products/1775663710057-degym8k2x9g.jpeg""]";0;0;;2026-02-12 14:57:26.841347+00;2026-05-11 11:38:16.884931+00;;5500
2fcd98e6-b752-423d-8521-39809a598c14;Plain Forever gold Food warmer;Elevate your dining experience with this elegant 3-in-1 food warmer. Designed in a classy finish with luxurious gold accents, it keeps meals warm while adding a premium look to your table.;150000;;Cookware;General;1;active;"[""https://uqvbzzuoxnohuhkasrdk.supabase.co/storage/v1/object/public/product-images/products/1770911771319-d9ui250xcya.jpeg""]";0;0;;2026-02-12 15:56:26.926108+00;2026-04-09 13:48:28.345312+00;;115000
8c66ec1f-0792-49fb-91cd-03d74e92c623;Silicone Spoon & Knife Set;Durable, heat-resistant cooking spoons perfect for everyday cooking and serving. Recommended for non-stick cookware, easy to clean, and designed for comfort and convenience.;30000;;Utensils;General;12;active;"[""https://uqvbzzuoxnohuhkasrdk.supabase.co/storage/v1/object/public/product-images/products/1770909373887-crx7cllle6l.jpeg""]";0;0;;2026-02-12 15:16:19.303918+00;2026-05-19 15:45:14.182529+00;;18021.50
a0ac3569-55e8-48a6-bd51-d84c4cad53fe;Tumbik Korkmaz Stainless Pots;9-piece stainless steel cookware designed for durability and elegant cooking. It is rust-resistant, and perfect for preparing a wide range of meals;115000;;Cookware;General;0;active;"[""https://uqvbzzuoxnohuhkasrdk.supabase.co/storage/v1/object/public/product-images/products/1770912439659-zom9rh61pn.jpeg""]";0;0;;2026-02-12 16:07:04.547796+00;2026-04-07 16:16:12.970623+00;;110000
a41fd92b-20fb-4a08-916a-4e5c6be45985;15L Kenwood Airfryer ;Kenwood airfryer with 15l capacity for frying.;80000;;Appliances;General;4;active;"[""https://uqvbzzuoxnohuhkasrdk.supabase.co/storage/v1/object/public/product-images/products/1776789158007-1wa5jg12rexh.jpeg""]";0;0;;2026-04-21 14:47:32.658215+00;2026-05-09 10:02:08.082787+00;;54126.92
ce6ac8de-b94f-49df-96d3-d03c299afccc;Granite Frypan 26cm;Granite Frypan 26cm;15000;;Cookware;General;0;active;"[""https://uqvbzzuoxnohuhkasrdk.supabase.co/storage/v1/object/public/product-images/products/1776934831495-7m7pb778x78.jpeg""]";0;0;;2026-04-23 09:00:50.213425+00;2026-04-23 09:02:55.082596+00;;10643.81
beb31d24-a69d-431b-af9a-6337b9be3842;Masa Pan;7-Hole Masa Pan is perfect for making delicious masa, pancakes, crepes, bean balls and more. Designed with 7 holes for even and consistent cooking. Works on all types of cookers, including gas stoves and other heat sources. Durable and easy to use.;17000;;Cookware;General;6;active;"[""https://uqvbzzuoxnohuhkasrdk.supabase.co/storage/v1/object/public/product-images/products/1770912157964-qhu4vrnan8.jpeg""]";0;0;;2026-02-12 16:04:36.127562+00;2026-04-28 10:48:22.737661+00;;12413.31
04b542f5-f1c5-4421-877a-5ce1ee46cb35;Kitchen & Fruit Baskets;Neat and stylish multipurpose baskets. Perfect for storing fruits, vegetables, and kitchen essentials while allowing proper airflow to keep items fresh. Practical, durable, and great for everyday use.;10000;;Cookware;General;2;active;"[""https://uqvbzzuoxnohuhkasrdk.supabase.co/storage/v1/object/public/product-images/products/1770912597000-786mbyjnui.jpeg""]";0;0;;2026-02-12 16:10:02.602505+00;2026-05-21 13:01:55.026739+00;;7263.34
a7031f52-59a2-4c34-942f-c1f0163ff8ba; Rado Food Warmer Set;Complete Rado Warmer serving set. This set includes 3 food warmers, 1 jug, 1 serving tray, and 4 cups, making it perfect for keeping meals warm while serving drinks in style.;60000;;Storage;General;1;active;"[""https://uqvbzzuoxnohuhkasrdk.supabase.co/storage/v1/object/public/product-images/products/1770910708800-htr7ajv6ccu.jpeg""]";0;0;;2026-02-12 15:38:33.16408+00;2026-04-09 13:56:24.11851+00;;35000
08e94386-84fa-4f6a-9c13-9a65dd985187;Jaypee kingston Food Warmers;3 in 1 Jaypee Food Warmer KeepS your meals hot and fresh for longer. It is perfect for serving different dishes at once, making it ideal for family meals, parties, and gatherings. Stylish, practical, and a must-have for every kitchen;90000;;Storage;General;3;active;"[""https://uqvbzzuoxnohuhkasrdk.supabase.co/storage/v1/object/public/product-images/products/1770912973368-3jlj8rcqm5t.jpeg"",""https://uqvbzzuoxnohuhkasrdk.supabase.co/storage/v1/object/public/product-images/products/1773740762601-p12qc6zyqn.jpeg"",""https://uqvbzzuoxnohuhkasrdk.supabase.co/storage/v1/object/public/product-images/products/1773740771401-i0yolqrmz7.jpeg""]";0;0;;2026-02-12 16:16:18.039512+00;2026-03-17 09:46:16.01394+00;;57009.1
4d2f0414-f7e1-4bef-bac9-0dcca3542219;Samira Pot Set;A 3 Set antique, beautifully designed pot set that combines style and functionality. Suitable for both cooking and serving, it adds a classic, elegant touch to your kitchen and dining table;110000;;Cookware;General;0;active;"[""https://uqvbzzuoxnohuhkasrdk.supabase.co/storage/v1/object/public/product-images/products/1770909751858-83ekrxrbv04.jpeg""]";0;0;;2026-02-12 15:22:36.732999+00;2026-04-09 15:31:39.778682+00;;78000
a0f97c38-2694-40a0-b04b-01b85f6c2070;Silicone Brushes;Heat-resistant, flexible, and perfect for cooking and baking. Ideal for oiling pans, glazing pastries, and spreading sauces without shedding bristles. Easy to clean, durable, and a must-have kitchen tool.;4000;;Utensils;General;2;active;"[""https://uqvbzzuoxnohuhkasrdk.supabase.co/storage/v1/object/public/product-images/products/1770910022054-zq0sty4cenq.jpeg""]";0;0;;2026-02-12 15:27:12.863585+00;2026-04-08 13:20:06.139544+00;;2000
64320456-bcaa-4276-b9ef-b8c63c032351;RAF Slow Juicer (250W, 400ml);This 250W slow juicer gently extracts juice from fruits and vegetables, preserving nutrients and flavor. Compact, efficient, and perfect for healthy daily drinks.;90000;;Appliances;General;6;active;"[""https://uqvbzzuoxnohuhkasrdk.supabase.co/storage/v1/object/public/product-images/products/1776788740166-h85mz6p4u19.jpeg""]";0;0;;2026-01-28 10:02:55.093519+00;2026-05-21 14:11:25.95436+00;;66382.07
56705001-e14f-46c0-8f13-82258b6ed311;14pcs Hoffner Aluminium Pots;A complete cookware set for every kitchen. This 14-piece aluminium pot set offers fast heat distribution for efficient cooking and comes in multiple sizes to handle all your meals.;60000;;Cookware;General;0;active;"[""https://uqvbzzuoxnohuhkasrdk.supabase.co/storage/v1/object/public/product-images/products/1771230041806-hhd4zafloh7.jpeg""]";0;0;;2026-02-16 08:21:03.387955+00;2026-02-16 08:21:03.387955+00;;45000
47eeffce-1c34-464a-955b-332d9c3b6afe;10pcs Aluminum Pot Sets;"A durable 10-piece aluminum pot set containing 5 high-quality pots and 5 covers.
";60000;;Cookware;General;0;active;"[""https://uqvbzzuoxnohuhkasrdk.supabase.co/storage/v1/object/public/product-images/products/1771231984463-4flq53kjbdx.jpeg""]";0;0;;2026-02-16 08:53:37.573964+00;2026-04-07 16:25:55.825748+00;;45000
d909b3c8-be3f-4791-a8e3-0aa8666235b8;32pcs porcelain dinner plate sets(grey);Luxurious 32-piece porcelain dinner set with gold rims crafted with elegance, durability, and a timeless finish. Best for upscale dining.;150000;;Cutlery;General;1;active;"[""https://uqvbzzuoxnohuhkasrdk.supabase.co/storage/v1/object/public/product-images/products/1771232522491-0n6trv66zlce.jpeg"",""https://uqvbzzuoxnohuhkasrdk.supabase.co/storage/v1/object/public/product-images/products/1773742448727-jrs11op8r5f.jpeg""]";0;0;;2026-02-16 09:01:07.715294+00;2026-04-09 11:25:02.747169+00;;120000
37379f7a-deb9-4e36-bb69-0fa04d52bdd9;Mama Home Induction Cooker;Mama Home Induction Cooker is fast, energy-efficient, and easy to use. This induction cooker heats quickly, saves power, and gives you safe, stress-free cooking.;50000;;Cookware;General;3;active;"[""https://uqvbzzuoxnohuhkasrdk.supabase.co/storage/v1/object/public/product-images/products/1770913192695-xf1h90kbvge.jpeg""]";0;0;;2026-02-12 16:19:59.908926+00;2026-05-12 09:54:45.788909+00;;25929.79
1301d374-1e7d-4016-888d-2ace6e7ec9dd; Maximus Blender;Powerful and versatile Maximus blender designed for everyday kitchen needs. Comes with a big jug for wet blending and a small jug specially for dry ingredients. Durable, efficient, and perfect for smooth blending and grinding.;55000;;Appliances;General;0;active;"[""https://uqvbzzuoxnohuhkasrdk.supabase.co/storage/v1/object/public/product-images/products/1770911186329-l0be4uh01q.jpeg"",""https://uqvbzzuoxnohuhkasrdk.supabase.co/storage/v1/object/public/product-images/products/1770911276033-mt90oc0cip.jpeg""]";0;0;;2026-02-12 15:46:30.624643+00;2026-05-12 09:54:46.053999+00;;39000
bc036136-5fa1-4408-a699-7b59d3e3a136;Pinnacle Electric Jug;Fast and convenient electric jug with a 2-litre capacity, perfect for boiling water quickly. Ideal for tea, coffee, and everyday hot water needs at home or in the office. Durable, easy to use, and energy-efficient.;15000;;Appliances;General;4;active;"[""https://uqvbzzuoxnohuhkasrdk.supabase.co/storage/v1/object/public/product-images/products/1769590955497-b76xzqanszo.jpeg""]";0;0;;2026-01-28 09:03:36.206678+00;2026-04-28 10:48:22.737661+00;;7000.00
22862b22-6501-4706-8d27-6250a1804292;Avinas Blender;Powerful Avinas 4-in-1 multifunctional blender designed for smooth blending, grinding, juicing and food processing.;85000;;Appliances;General;3;active;"[""https://uqvbzzuoxnohuhkasrdk.supabase.co/storage/v1/object/public/product-images/products/1771231763443-q5zd1cly54.jpeg""]";0;0;;2026-02-16 08:49:32.169529+00;2026-05-07 14:04:12.236313+00;;75000
b3ce3f47-e6c2-4ce1-8c5d-6cdff8fb628c;16pcs White with gold rim Plate Set;Elegant 16-piece white dinner set with a luxurious gold rim.;60000;;Cookware;;1;active;"[""https://uqvbzzuoxnohuhkasrdk.supabase.co/storage/v1/object/public/product-images/products/1771233155302-hg10p7gxj5b.jpeg"",""https://uqvbzzuoxnohuhkasrdk.supabase.co/storage/v1/object/public/product-images/products/1772895254591-6u1wdfxclzo.jpeg""]";0;0;;2026-02-16 09:12:44.504093+00;2026-04-07 17:30:01.968943+00;;39388.22
cbe1b5a8-1ca1-49a6-b0bf-ce31ef0e00ed;Donnor BMN Granite Pot;"A durable 11pcs complete multi-size cast pot set. Cast Iron Lookalike
";165000;;Cookware;General;1;active;"[""https://uqvbzzuoxnohuhkasrdk.supabase.co/storage/v1/object/public/product-images/products/1771230877753-ajwrndjt05s.jpeg""]";0;0;;2026-02-16 08:35:25.271678+00;2026-04-27 11:24:09.714304+00;;134748.78
a0ef69a9-b34a-4e7b-94d5-42fcf743537a;Marble Knife Set ;Marble Knife Set non- rotating;18000;;Utensils;General;6;active;[];0;0;;2026-05-19 09:02:08.616415+00;2026-05-19 09:02:09.124731+00;;12761.95
780484fd-4341-4592-84b2-f01fb63acc55;UCC Cast Granite Pot;High quality & durable 11pcs UCC Cast Granite Pot with with non-stick surface, even heat distribution and fast cooking.;160000;;Cookware;General;0;active;"[""https://uqvbzzuoxnohuhkasrdk.supabase.co/storage/v1/object/public/product-images/products/1771233530464-uwdyuwo0ttg.jpeg""]";0;0;;2026-02-16 09:19:03.481277+00;2026-05-13 17:02:56.079011+00;;135000
699f0bce-5c0b-40ba-b170-b8bd4b694437;3 Set Haus Roland Stainless Pots;Stylish 3-piece stainless steel pot set. Perfect for cooking everything from soups to stews, these pots are durable, rust-resistant, and easy to clean;120000;;Cookware;General;2;active;"[""https://uqvbzzuoxnohuhkasrdk.supabase.co/storage/v1/object/public/product-images/products/1771230324486-xiy7910go4.jpeg""]";0;0;;2026-02-16 08:25:09.200339+00;2026-04-16 13:34:16.131149+00;;87670.42
2bdc468c-b536-4770-bca9-8c1929c7916b;DZ5123 Granite Pot Set ;DZ5123 Granite Pot Set ;85000;;Cookware;General;4;active;[];0;0;;2026-05-19 16:06:18.376935+00;2026-05-19 16:06:18.636155+00;;69127.25
f2c246ee-c141-434d-8605-986ac23a82d9;Microwave Cover and Plate;Microwave cover and plate;5000;;Cookware;General;2;active;"[""https://uqvbzzuoxnohuhkasrdk.supabase.co/storage/v1/object/public/product-images/products/1776787766985-zct0ahcmzg.jpeg""]";0;0;;2026-04-21 15:23:46.131801+00;2026-05-21 13:03:12.369736+00;;1862.00
6b149ecf-d4f7-4110-839e-08defa2f941c;Eurosonic Deep fryer 3L;A compact, stainless steel kitchen appliance designed for home use, typically featuring 1800W-2200W of power, adjustable temperature controls (130°C-190°C), and a viewing window for monitoring food;50000;;Cookware;General;0;active;"[""https://uqvbzzuoxnohuhkasrdk.supabase.co/storage/v1/object/public/product-images/products/1772896022915-dujn7viyt4l.jpeg""]";0;0;;2026-03-07 15:08:52.975702+00;2026-04-20 08:13:57.630037+00;;34036.75
19c8ed3b-db2d-453d-a07f-13242afdb230;22cm SMP frying pan; 22cm SMP non-stick frying pan is a durable, high-quality aluminum cooking pan designed for efficient, low-fat cooking.;8000;;Cookware;General;1;active;"[""https://uqvbzzuoxnohuhkasrdk.supabase.co/storage/v1/object/public/product-images/products/1773741092240-gs3pwgaye9e.jpeg""]";0;0;;2026-03-17 09:51:57.643699+00;2026-03-17 09:51:58.265006+00;;4500
fad1f894-e809-4716-8cb6-a7c46575d809;Marble Knife Set;A stylish and functional 5 to 8-piece marble knife set typically features durable stainless steel blades with a non-stick marble coating, designed to resist corrosion from acids and salt;25000;;Cookware;General;0;active;"[""https://uqvbzzuoxnohuhkasrdk.supabase.co/storage/v1/object/public/product-images/products/1775653857856-cf7xzotk1iv.jpeg""]";0;0;;2026-03-07 15:15:38.84428+00;2026-04-28 16:05:07.645652+00;;16584.47
88f46bc8-6419-49db-ad32-f93ffe8b5632;16pcs Artisanal Dinner Plate Set - Black Colour and white colour;Beautifully crafted dinnerware set designed to make a bold statement on your dining table.;40000;;Cutlery;General;3;active;"[""https://uqvbzzuoxnohuhkasrdk.supabase.co/storage/v1/object/public/product-images/products/1769593222421-klx5hf8j5ul.jpeg""]";0;0;;2026-01-28 09:40:30.836303+00;2026-05-13 17:02:57.79555+00;;25861.06
6f05cb66-3e94-4148-98c4-a409e2ecf139;Qasa pro 4 blender;A 1250W–1500W heavy-duty blender and grinder designed for high-performance blending,, ice crushing, and dry milling, featuring a 2.0L glass jar, 6-stainless steel blades, and a 100% copper motor;100000;;Cookware;General;2;active;"[""https://uqvbzzuoxnohuhkasrdk.supabase.co/storage/v1/object/public/product-images/products/1772896371170-d3edxo5qceq.jpeg""]";0;0;;2026-03-07 15:12:58.47202+00;2026-05-11 08:59:50.325826+00;;82513.34
a91f9678-b674-4862-9202-d30b751491fd;8pcs Cast Iron Pot;Premium 8-Piece Cast Iron Pot Set designed for durability, even heat distribution and versatile cooking. Built to last a lifetime and suitable for gas, electric, and induction cookers.;210000;;Cookware;General;1;active;"[""https://uqvbzzuoxnohuhkasrdk.supabase.co/storage/v1/object/public/product-images/products/1771236081620-l8fbeps08a.jpeg"",""https://uqvbzzuoxnohuhkasrdk.supabase.co/storage/v1/object/public/product-images/products/1771236088534-lgr711snfd7.jpeg""]";0;0;;2026-02-16 10:01:36.855354+00;2026-02-16 10:01:37.133934+00;;180000
1069c6ba-f2be-40ea-9136-fff65548ddb0;Yousuf pot set;High-end 10-piece aluminium pot sets are designed for durability, even heat distribution, and, non-stick cooking functionality. ;165000;;Cookware;General;3;active;"[""https://uqvbzzuoxnohuhkasrdk.supabase.co/storage/v1/object/public/product-images/products/1772895026130-cp5l1bnk68u.jpeg""]";0;0;;2026-03-07 14:50:42.219256+00;2026-04-23 09:11:50.083669+00;;134084.18
55f11f47-703e-4ddd-8230-f48aec8c2cc8;Qasa Blender Pro 5 ;Qasa Blender Pro 5 Batch B;100000;;Appliances;General;12;active;"[""https://uqvbzzuoxnohuhkasrdk.supabase.co/storage/v1/object/public/product-images/products/1779108743019-bpxb9tf759i.jpeg""]";0;0;;2026-05-18 12:52:28.046929+00;2026-05-18 12:52:28.545411+00;;82952.7
9600366b-c784-49d1-a169-fede0d63b718;6pcs Wine Glass;6pcs Wine Glass;20000;;Cookware;General;2;active;"[""https://uqvbzzuoxnohuhkasrdk.supabase.co/storage/v1/object/public/product-images/products/1779179915973-q7iciy5rew.jpeg""]";0;0;;2026-05-19 08:38:41.095793+00;2026-05-19 08:38:41.361968+00;;15952.44
a5f07e3b-d82d-4c3f-b3aa-24f9495a2575;2-Step Plate Rack;Durable 2-step plate rack: Perfect for plates, cups, spoons, bowls, and everyday drying needs. It contains a 2-Step Plate Rack, Drip tray and Cutlery holder;30000;;Storage;General;0;active;"[""https://uqvbzzuoxnohuhkasrdk.supabase.co/storage/v1/object/public/product-images/products/1771235509972-unfuug6j6oo.jpeg""]";0;0;;2026-02-16 09:52:04.954473+00;2026-04-27 11:24:10.953838+00;;15000
9cc168c6-013b-40b8-8df9-376cc6a28367; 10pcs Piccaso Aluminium Pots;These aluminium pots contain 5 pots and 5 covers, heat up quickly and evenly, making meal preparation faster and easier. Lightweight, durable, and perfect for a wide range of dishes in every home kitchen.;30000;;Cookware;General;0;active;"[""https://uqvbzzuoxnohuhkasrdk.supabase.co/storage/v1/object/public/product-images/products/1770910345468-kn0qgdx50zt.jpeg""]";0;0;;2026-02-12 15:32:29.9852+00;2026-05-13 15:09:14.682849+00;;15000
96e0af13-24ee-4d30-b471-e00b224ae493;Akai pop up toaster;Akai pop up toaster;40000;;Appliances;General;2;active;"[""https://uqvbzzuoxnohuhkasrdk.supabase.co/storage/v1/object/public/product-images/products/1776786410743-kntdwwewv9g.jpeg""]";0;0;;2026-04-21 14:54:46.98322+00;2026-04-28 10:48:22.737661+00;;26552.83
3a3a93f0-c42b-42f5-b34a-bfdeb3d01560;24cm SMP Non-Stick Frying Pan;A durable, high-quality aluminum cookware piece, often found in sets, designed for easy food release and efficient, even cooking;13000;;Cookware;General;1;active;"[""https://uqvbzzuoxnohuhkasrdk.supabase.co/storage/v1/object/public/product-images/products/1773741214919-s4pojr8ttig.jpeg""]";0;0;;2026-03-17 09:53:41.639866+00;2026-03-17 09:53:41.917337+00;;6000
c4ec2c32-62b4-4ae0-ad05-89f63fd2040a;Cupboard cutlery rack;Cupboard cutlery rack;15000;;Storage;General;2;active;"[""https://uqvbzzuoxnohuhkasrdk.supabase.co/storage/v1/object/public/product-images/products/1779108949977-1qf4qe7fnx9.jpeg""]";0;0;;2026-05-18 12:56:00.325343+00;2026-05-18 12:56:00.609982+00;;7444.47
7390b1e9-09f3-4cb0-b007-ea71c2493530;Oil Spray Bottle Glass ;Oil Spray Bottle Glass Long;5000;;Storage;General;2;active;[];0;0;;2026-05-19 15:59:37.450993+00;2026-05-19 15:59:37.675006+00;;2126.99
f3dc3258-91dc-40e6-b185-3959de4927a1;3-Step Plate Rack;Spacious 3-step plate rack. Designed to hold more plates, bowls, cups, and cutlery at once, it saves space while keeping everything neat and dry.;35000;;Storage;General;1;active;"[""https://uqvbzzuoxnohuhkasrdk.supabase.co/storage/v1/object/public/product-images/products/1771235393851-e8gmnirph7j.jpeg""]";0;0;;2026-02-16 09:50:16.733646+00;2026-05-21 13:07:15.202716+00;;21000
2ed7e4e1-e7bd-446a-b5f7-102e4549c3c2;Marble insulated casserole ;A marble-finish insulated casserole is a stylish, double-walled food server featuring a durable stainless steel interior and an elegant, marble-patterned exterior;120000;;Storage;General;1;active;"[""https://uqvbzzuoxnohuhkasrdk.supabase.co/storage/v1/object/public/product-images/products/1773049325070-czzl3yxof4.jpeg"",""https://uqvbzzuoxnohuhkasrdk.supabase.co/storage/v1/object/public/product-images/products/1773049338581-zqf7y3042hk.jpeg""]";0;0;;2026-03-09 09:42:34.82254+00;2026-04-08 10:59:58.453616+00;;98470.26
cb23b8e4-7e7f-4881-9f33-d265318cb781;3 in Bambo tray;A big , medium, and small size serving tray;30000;;Cutlery;General;1;active;"[""https://uqvbzzuoxnohuhkasrdk.supabase.co/storage/v1/object/public/product-images/products/1776788377872-h88u5lyr6o6.jpeg""]";0;0;;2026-03-16 11:01:58.578603+00;2026-04-21 16:19:42.975653+00;;20000
83676670-2f1c-435a-bda0-03f2e32c76cc;Selvel Home Beautiful;An insulated casserole designed to keep food hot or cold for 4 to 6 hours;70000;;Storage;General;2;active;"[""https://uqvbzzuoxnohuhkasrdk.supabase.co/storage/v1/object/public/product-images/products/1773046411415-nox2ju82ejq.jpeg""]";0;0;;2026-03-09 08:54:04.279435+00;2026-03-09 08:54:04.620204+00;;38351.58
7aae208a-116a-4d4a-92d9-82ac499541a1;Set of Knife with Cleaver;A comprehensive knife set typically includes 6–15 pieces, featuring high-carbon stainless steel blades for, slicing, dicing, and chopping. Sets generally include a chef’s, bread, utility, and paring knife, often housed in a wooden or acrylic block with a sharpener and shears.;15000;;Utensils;General;3;active;"[""https://uqvbzzuoxnohuhkasrdk.supabase.co/storage/v1/object/public/product-images/products/1775653830439-duq65wo55e.jpeg""]";0;0;;2026-03-09 08:48:57.8632+00;2026-05-21 14:15:11.684498+00;;5182.65
fd95f4f4-4952-452d-9d71-2f034f3343b4;4L vacuum Flask;"A 4L baby/family vacuum flask is a high-capacity (4000ml), insulated stainless steel container designed to keep water hot (often 
) or cold for over 24 hours. ";50000;;Storage;General;1;active;"[""https://uqvbzzuoxnohuhkasrdk.supabase.co/storage/v1/object/public/product-images/products/1773049963014-uc5z803m8bn.jpeg""]";0;0;;2026-03-09 09:52:49.672538+00;2026-04-23 16:06:12.114147+00;;36278.52
222e8125-9e0a-4526-8f5a-9df70f14cbe4;Sieve Spoons;A spoon with holes, mesh, or slots, used to separate solid food from liquids, drain oil, or skim foam;2000;;Cookware;General;4;active;"[""https://uqvbzzuoxnohuhkasrdk.supabase.co/storage/v1/object/public/product-images/products/1775724734896-7531mvtmuyf.jpeg""]";0;0;;2026-03-17 09:27:28.829001+00;2026-04-09 15:31:43.574443+00;;1036.53
64176456-6b9f-43e9-9240-d89ff1885e05;Euromax steam iron (EM-8056);A 1600W lightweight, corded appliance designed for efficient home ironing.;30000;;Appliances;General;3;active;"[""https://uqvbzzuoxnohuhkasrdk.supabase.co/storage/v1/object/public/product-images/products/1772895855740-el2bredok65.jpeg""]";0;0;;2026-03-07 15:04:23.18658+00;2026-05-06 11:29:12.964394+00;;17916.52
0c4f7bf2-3fff-4591-a46a-c4b6e4c6c78c;Kino food warmer;A marble-finish insulated casserole is a stylish, double-walled food server featuring a durable stainless steel interior and an elegant, marble-patterned exterior;110000;;Cookware;General;3;active;"[""https://uqvbzzuoxnohuhkasrdk.supabase.co/storage/v1/object/public/product-images/products/1773049103270-y7pjp61ujxc.jpeg"",""https://uqvbzzuoxnohuhkasrdk.supabase.co/storage/v1/object/public/product-images/products/1773049688190-7kclsaosjuw.jpeg""]";0;0;;2026-03-09 09:38:54.254716+00;2026-04-08 13:41:43.827165+00;;85513.65
5cc34ce4-67b1-497f-a447-9d65ea975923;1L PC jug;A 1-liter (1000ml) PC (polycarbonate) jug is a durable, clear, and lightweight container designed for serving and storing cold or hot beverages.;15000;;Storage;General;1;active;"[""https://uqvbzzuoxnohuhkasrdk.supabase.co/storage/v1/object/public/product-images/products/1773738546638-5115dg25o2g.jpeg""]";0;0;;2026-03-09 10:03:12.156902+00;2026-05-21 14:15:11.350733+00;;6737.44
ae82bbef-dd7c-44f4-b89e-dc3bed58bd4c;Floris Marble Food warmer;An insulated, marble-designed food container set designed to keep food hot or cold, often featuring luxurious aesthetic touches. ;70000;;Storage;General;0;active;"[""https://uqvbzzuoxnohuhkasrdk.supabase.co/storage/v1/object/public/product-images/products/1773049726197-a5v3elihwgl.jpeg"",""https://uqvbzzuoxnohuhkasrdk.supabase.co/storage/v1/object/public/product-images/products/1773049745173-dvhlys6o3zu.jpeg""]";0;0;;2026-03-09 09:47:28.604952+00;2026-04-09 13:47:13.139258+00;;36278.52
4b490a7b-e415-4f15-86d9-c70556d26551;Fennik Vaccum 2in1 ; Designed for both hot and cold beverage storage.;55000;;Storage;General;2;active;"[""https://uqvbzzuoxnohuhkasrdk.supabase.co/storage/v1/object/public/product-images/products/1773050780237-9cpjw3wnt3e.jpeg""]";0;0;;2026-03-09 10:07:18.778725+00;2026-03-09 10:07:19.056832+00;;29022.81
bb500715-9f86-41cf-9b44-01b3bb2e48ec;Fabul Hazzle Food Warmer ;An insulated casserole designed to keep food hot or cold for 4 to 6 hours;50000;;Storage;General;2;active;"[""https://uqvbzzuoxnohuhkasrdk.supabase.co/storage/v1/object/public/product-images/products/1773047338335-znhs5v9wm7r.jpeg""]";0;0;;2026-03-09 09:10:27.704148+00;2026-04-09 13:47:36.522397+00;;25913.23
fc964462-78eb-47d5-8247-c1f16850ee24;Raf 2-slice Waffle maker;The RAF 2-Slice Waffle Maker is a compact, 750W-850W electric appliance designed for quick, homemade breakfasts;25000;;Cookware;General;1;active;"[""https://uqvbzzuoxnohuhkasrdk.supabase.co/storage/v1/object/public/product-images/products/1773659193889-9q3zfa32frb.jpeg""]";0;0;;2026-03-16 11:06:36.809125+00;2026-03-16 11:06:37.047845+00;;18000
b06a1a8d-9b9d-4665-a20a-c6bfd3bc93ee;Dignity Food Warmer;An insulated casserole designed to keep food hot or cold for 4 to 6 hours. ;45000;;Storage;General;0;active;"[""https://uqvbzzuoxnohuhkasrdk.supabase.co/storage/v1/object/public/product-images/products/1773046641606-ym7fvonpjx.jpeg""]";0;0;;2026-03-09 08:58:12.548972+00;2026-05-13 17:02:57.396287+00;;22803.64
6af2f6f5-45eb-415a-b159-3bf1f7c92be2;Jaypee Luxura ;A premium, insulated casserole (hot box) set designed to keep food warm and fresh for several hours.;75000;;Storage;General;3;active;"[""https://uqvbzzuoxnohuhkasrdk.supabase.co/storage/v1/object/public/product-images/products/1773048590405-j5rzjbojrlh.jpeg""]";0;0;;2026-03-09 09:29:59.159204+00;2026-04-07 17:08:42.61178+00;;40424.63
0313a76e-1dd7-47d2-a8dd-12de46a5a54b;1.8L PC jug;A 1-liter (1000ml) PC jug is a durable, clear, and lightweight container designed for serving and storing beverages.;18000;;Cookware;General;1;active;"[""https://uqvbzzuoxnohuhkasrdk.supabase.co/storage/v1/object/public/product-images/products/1773050361146-kful1fh8rdo.jpeg"",""https://uqvbzzuoxnohuhkasrdk.supabase.co/storage/v1/object/public/product-images/products/1773050378858-czj0x51b58.jpeg""]";0;0;;2026-03-09 10:00:17.211602+00;2026-05-13 17:06:34.83803+00;;11401.82
962d93e7-4ead-4aba-ba8c-83546fc7e9cd;Silver Crest Infrared Cooker;A durable, stainless steel, or ceramic glass-top electric stove designed for fast, radiation-free cooking with all cookware types.;45000;;Appliances;General;2;active;"[""https://uqvbzzuoxnohuhkasrdk.supabase.co/storage/v1/object/public/product-images/products/1776788188251-43gsrqsz8qa.jpeg""]";0;0;;2026-03-16 12:24:22.360314+00;2026-04-29 14:05:37.588845+00;;26966.98
436e7b87-77a5-4d8d-8cd2-7f30ed2e1a9a;Qasa 20L40blender ;A 2-liter, 500W blender and grinder combo designed for household efficiency, featuring a durable copper motor, stainless steel blades, and an unbreakable plastic jar;40000;;Appliances;General;4;active;"[""https://uqvbzzuoxnohuhkasrdk.supabase.co/storage/v1/object/public/product-images/products/1773666193320-o1o2zjyii28.jpeg""]";0;0;;2026-03-16 13:03:22.243061+00;2026-05-21 13:08:18.094692+00;;24892.6
2e4eb415-553c-43c6-b9a9-7681e712290c;15L food processor ;A high-capacity, heavy-duty kitchen appliance designed for large-batch food preparation, grinding, and pounding.;80000;;Cookware;General;1;active;"[""https://uqvbzzuoxnohuhkasrdk.supabase.co/storage/v1/object/public/product-images/products/1773665335465-nouw9c5jxz.webp""]";0;0;;2026-03-16 12:48:59.714203+00;2026-03-16 12:48:59.949492+00;;67417.46
3ad32e2a-0f7e-4cec-9e95-ebd735228e99;20L Maxi Microwave;Cook, reheat, and defrost with ease using this 20-litre Maxi microwave. Compact yet powerful, it delivers even heating and quick results.;80000;;Appliances;General;5;active;"[""https://uqvbzzuoxnohuhkasrdk.supabase.co/storage/v1/object/public/product-images/products/1769588836862-yy4w26vcvre.jpeg""]";0;0;;2026-01-28 08:27:30.304474+00;2026-05-11 09:02:26.933283+00;;66921.38
7a9bc8db-cdae-47bd-9a35-5fd23755f100;Chefwood cake mixer 5l;Chefwood cake mixers are popular, affordable kitchen appliances in Nigeria, designed for both home bakers and small business owners.;120000;;Appliances;General;0;active;"[""https://uqvbzzuoxnohuhkasrdk.supabase.co/storage/v1/object/public/product-images/products/1773738753560-2aj6acuwxru.jpeg""]";0;0;;2026-03-16 12:38:02.537482+00;2026-05-11 09:15:51.932746+00;;98533.21
75d25cbe-05ee-4a2a-ac4b-9b7d434e3a1c;vulcon Food warmers;A 4pcs designed to keep food hot, fresh, and aromatic for hours using high-grade, food-safe stainless steel interiors and durable plastic exteriors;60000;;Cookware;General;2;active;"[""https://uqvbzzuoxnohuhkasrdk.supabase.co/storage/v1/object/public/product-images/products/1773738787880-zwgssaw4zn.jpeg""]";0;0;;2026-03-16 12:05:31.904919+00;2026-04-09 13:46:51.074792+00;;36000
005db437-3a0f-43c8-9cfe-48063996408f;Jaypee Princeton;A premium, PUF-insulated food warmer designed for both stylish serving and long-lasting heat retention.;85000;;Storage;General;1;active;"[""https://uqvbzzuoxnohuhkasrdk.supabase.co/storage/v1/object/public/product-images/products/1773737535464-dc153afesj9.jpeg""]";0;0;;2026-03-17 08:52:22.809278+00;2026-03-17 08:52:23.178685+00;;49753.4
98f84a74-a7fd-43e8-8b57-911d7f104e38;Jaypee Regalia Food Warmer ;A premium, PUF-insulated food warmer designed for both stylish serving and long-lasting heat retention.;75000;;Storage;General;1;active;"[""https://uqvbzzuoxnohuhkasrdk.supabase.co/storage/v1/object/public/product-images/products/1773737127998-0a7wxj47ye1l.jpeg"",""https://uqvbzzuoxnohuhkasrdk.supabase.co/storage/v1/object/public/product-images/products/1773737139730-qow0svsda7j.jpeg""]";0;0;;2026-03-17 08:45:45.163885+00;2026-04-09 13:45:54.442886+00;;46643.81
2f7b91cc-7a12-49cc-bcaa-5ab0097f72ce;6pcs Colander Set;A versatile set of colanders perfect for washing, draining, and straining vegetables, fruits, pasta, and more. Durable, lightweight, and designed for easy handling and storage.;27000;;Utensils;General;0;active;"[""https://uqvbzzuoxnohuhkasrdk.supabase.co/storage/v1/object/public/product-images/products/1769596291634-c5che1opbap.jpeg""]";0;0;;2026-01-28 10:31:41.399863+00;2026-05-13 17:02:56.344598+00;;13042.99
dce4428c-5757-4393-a48e-75196c1357c1;Vicalina 3L whistling kettle;The Vicalina 3L Whistling Kettle is a durable, stovetop tea kettle designed for fast heating and safety, constructed from food-grade stainless steel with a heat-resistant handle.;33000;;Cookware;General;0;active;"[""https://uqvbzzuoxnohuhkasrdk.supabase.co/storage/v1/object/public/product-images/products/1773670679770-3d2n403noes.jpeg""]";0;0;;2026-03-16 14:06:20.241705+00;2026-05-13 17:02:57.131549+00;;22818.22
6e1cb195-a943-4587-a5e5-cfdbaa87cf15;Drain Storage Basket;A versatile kitchen tool designed with perforations to quickly drain liquids from food or act as a sink strainer to catch debris.;4000;;Utensils;General;13;active;"[""https://uqvbzzuoxnohuhkasrdk.supabase.co/storage/v1/object/public/product-images/products/1776788467504-uuedfqh6b3.jpeg""]";0;0;;2026-03-17 09:20:47.042228+00;2026-05-13 17:02:58.072017+00;;2798.63
a6690595-fede-46a4-81ac-0c29bf9831e3;Small Foam;This is used for cleaning;100;;Cookware;General;0;active;"[""https://uqvbzzuoxnohuhkasrdk.supabase.co/storage/v1/object/public/product-images/products/1772825522773-gqx67co0ozr.jpg""]";0;0;"[""small""]";2026-03-06 19:32:20.083954+00;2026-04-07 13:34:43.496934+00;;30
3f9ab9f0-5161-4a4f-8f4a-a3797b6df22a;12L  Airfryer Kenwood ;The 12L Kenwood Air Fryer is an extra-large capacity digital kitchen appliance (often 1500W-3500W) designed for healthy, low-oil cooking using rapid air circulation;80000;;Cookware;General;0;active;"[""https://uqvbzzuoxnohuhkasrdk.supabase.co/storage/v1/object/public/product-images/products/1773738733155-ba9swwfa6bm.jpeg""]";0;0;;2026-03-16 12:41:32.557954+00;2026-04-07 16:31:20.477275+00;;57045.54
c6bce0d1-b287-4ae8-bb31-e56aff0c20da;30cm SMP Non-Stick Frying Pan;A durable, high-quality aluminum cookware piece, often found in sets, designed for easy food release and efficient, even cooking;20000;;Cookware;General;1;active;"[""https://uqvbzzuoxnohuhkasrdk.supabase.co/storage/v1/object/public/product-images/products/1773741441472-nbfao45vjoq.jpeg""]";0;0;;2026-03-17 09:57:29.293903+00;2026-03-17 09:57:29.583706+00;;10751.58
dc4b7469-0f4c-4f7d-b9ca-66523e42f44d;8 in 1 Bardefu Blender;Powerful and spacious blender perfect for blending smoothies, soups, sauces, and more. Designed for efficient performance and smooth results, it’s durable & easy to use.;65000;;Appliances;General;1;active;"[""https://uqvbzzuoxnohuhkasrdk.supabase.co/storage/v1/object/public/product-images/products/1769596818078-ddkopzd1c09.jpeg""]";0;0;;2026-01-28 10:40:39.360795+00;2026-05-21 14:08:52.864027+00;;46692.88
c3943538-5015-43ab-9f65-8d99601bc6c2;Chopping Board;A durable, flat surface used for slicing, chopping, dicing, and prepping food while protecting countertops.;10000;;Utensils;General;1;active;"[""https://uqvbzzuoxnohuhkasrdk.supabase.co/storage/v1/object/public/product-images/products/1773839440139-d54d04tvkz.jpeg""]";0;0;;2026-03-18 13:11:03.413557+00;2026-04-16 14:42:48.935239+00;;4146.12
0a421a0a-97f3-4ecc-a2dc-33dcc3fa2fb0;Coto- Coto Aluminium pot set;A durable, high-quality, and heavy-duty cookware set, often featuring a shiny finish, designed for efficient heat distribution;65000;;Cookware;General;2;active;"[""https://uqvbzzuoxnohuhkasrdk.supabase.co/storage/v1/object/public/product-images/products/1773742173411-c1u499hg7e.jpeg""]";0;0;;2026-03-17 10:09:46.935355+00;2026-04-09 09:02:26.730295+00;;49753.4
6447d45d-58c6-49d3-8dd1-4ed2aa1db2ff;Marble tray;A flat, shallow container with raised edges used for carrying, serving, or presenting food items, often arranged for aesthetic appeal;15000;;Cookware;General;2;active;"[""https://uqvbzzuoxnohuhkasrdk.supabase.co/storage/v1/object/public/product-images/products/1773839253439-ojro0ngn6g8.jpeg""]";0;0;;2026-03-18 13:07:41.534307+00;2026-03-18 13:07:41.749623+00;;10365.29
36cde9b3-c0fa-44aa-8c0c-85ffe41222b5;Donnor Clay non stick pot set;A durable, European-standard aluminum cookware collection, often featuring 6–18 pieces with a 6-layer, PFOA/PFOS-free granite coating;165000;;Cookware;General;1;active;"[""https://uqvbzzuoxnohuhkasrdk.supabase.co/storage/v1/object/public/product-images/products/1773840896455-az54i7l2d2.jpeg""]";0;0;;2026-03-18 13:35:03.530843+00;2026-04-07 17:43:23.641684+00;;139931.43
bae0f5bc-b69e-4dd7-8500-24e2d69fc205;Big Spoon Rack;A kitchen accessory designed to keep countertops clean by holding utensils like ladles, spatulas, and serving spoons.;25000;;Utensils;General;1;active;"[""https://uqvbzzuoxnohuhkasrdk.supabase.co/storage/v1/object/public/product-images/products/1775662689047-f80xz2u6z4j.jpeg""]";0;0;;2026-03-18 14:07:58.662451+00;2026-04-09 15:31:42.877438+00;;15547.94
8f643fbc-b141-4c63-9dbf-f366c1bfed82;5L plastic Dispenser ;A versatile 5-liter (approx. 1.3-gallon) capacity container designed for serving cold beverages, such as juices, iced tea, water, or cocktails;40000;;Storage;General;0;active;"[""https://uqvbzzuoxnohuhkasrdk.supabase.co/storage/v1/object/public/product-images/products/1773843322253-0wjexh6de5uh.jpeg""]";0;0;;2026-03-18 14:15:28.431831+00;2026-04-28 16:18:42.671193+00;;29022.81
4ac6c449-d20e-4132-b821-b97276c5ba41;Granite Frypan;A type of non-stick cookware featuring an aluminum or steel core coated with a specialized, mineral-based, non-stick surface, designed to mimic the heat-retention properties of cooking on hot stone. ;70000;;Cookware;General;0;active;"[""https://uqvbzzuoxnohuhkasrdk.supabase.co/storage/v1/object/public/product-images/products/1773841627891-oxke2at0k7.webp""]";0;0;;2026-03-18 13:47:14.573357+00;2026-04-21 10:59:45.171044+00;;46643.81
b892b15d-7f9b-4d3c-9ee7-7cd31addc34b;Small Spoon Rack;A kitchen accessory designed to keep countertops clean by holding utensils like ladles, spatulas, and serving spoons.;15000;;Cookware;General;1;active;"[""https://uqvbzzuoxnohuhkasrdk.supabase.co/storage/v1/object/public/product-images/products/1775644258309-gniq46wbymc.jpeg""]";0;0;;2026-03-18 14:10:15.949848+00;2026-04-08 10:31:04.515282+00;;9328.76
84cc1fe0-a6ee-432f-9d7b-995c3ce58abc;OSFE Granite Pot Set;A durable, non-stick aluminum cookware featuring a PFOA-free granite coating, designed for healthy, low-fat cooking and even heat distribution.;160000;;Cookware;General;0;active;"[""https://uqvbzzuoxnohuhkasrdk.supabase.co/storage/v1/object/public/product-images/products/1773840282065-ir1u59p66ki.jpeg""]";0;0;;2026-03-18 13:24:46.898125+00;2026-04-28 16:05:06.623229+00;;134748.78
fb1621a2-8d37-4c53-8830-b66e3ef33437;3in1 Serving Dish set;A luxurious, high-end buffet serving set designed for serving often featuring gold or silver crown-shaped accents.;80000;;Cookware;General;0;active;"[""https://uqvbzzuoxnohuhkasrdk.supabase.co/storage/v1/object/public/product-images/products/1773843691337-wk0k1jba2cq.jpeg""]";0;0;;2026-03-18 14:21:14.401638+00;2026-04-09 15:31:40.384886+00;;51826.45
bb41b5f3-2d95-4218-9596-991ea7636e83;Storage Container with Cover;A designed to maximize space and serv dishes, typically featuring durable, corrosion-resistant materials like high-quality plastic. ;28000;;Cookware;General;2;active;"[""https://uqvbzzuoxnohuhkasrdk.supabase.co/storage/v1/object/public/product-images/products/1773842107368-160r1cc71zo.jpeg""]";0;0;;2026-03-18 13:55:13.026733+00;2026-04-09 13:44:35.188966+00;;18657.52
3f76e4f7-7098-49b4-9acd-4404032f9a64;Ukeen Ceramic Pot set;A high-quality, non-stick, and toxin-free cookware, often designed in Germany and designed to offer a modern aesthetic for healthy, everyday cooking.;190000;;Cookware;General;2;active;"[""https://uqvbzzuoxnohuhkasrdk.supabase.co/storage/v1/object/public/product-images/products/1773840084619-3fm76ybp0m6.jpeg""]";0;0;;2026-03-18 13:21:29.809204+00;2026-04-27 11:40:40.29393+00;;165844.66
252339ad-97d4-43e8-83ab-988533447ea7;Portable Fruit Juicer;A smart portable juicer for blending and juicing friuts;15000;;Appliances;General;6;active;"[""https://uqvbzzuoxnohuhkasrdk.supabase.co/storage/v1/object/public/product-images/products/1776779057916-0fr8z4duxtti.jpeg""]";0;0;;2026-04-21 13:44:24.372192+00;2026-04-28 10:48:22.737661+00;;8680.73
5664941d-f5cc-4e85-af5d-203cffb871ed;3 in 1 serving Tray;A flat, shallow container with raised edges used for carrying, serving, or presenting food items, often arranged for aesthetic appeal.;25000;;Utensils;General;0;active;"[""https://uqvbzzuoxnohuhkasrdk.supabase.co/storage/v1/object/public/product-images/products/1773839787730-jcmvhs1pmek.jpeg""]";0;0;;2026-03-18 13:16:33.630652+00;2026-03-29 16:25:11.723083+00;;15547.94
935a5a5f-9a57-45bf-837e-0b5d5ebfa4e2;Deep  Wok Frypan Black Small;wok pan is a versatile, conical-shaped cooking vessel with high, sloping sides designed for rapid heat distribution, stirring, and tossing food;25000;;Cookware;General;0;active;"[""https://uqvbzzuoxnohuhkasrdk.supabase.co/storage/v1/object/public/product-images/products/1773838666094-jtll6jifzn.jpeg""]";0;0;;2026-03-18 12:57:51.289822+00;2026-04-23 09:11:50.925933+00;;15547.94
46314d1e-95b1-4f37-8722-0dd43381620a;Decanter set of 7pcs;A curated collection consisting of a glass or crystal vessel with a stopper and matching glasses, designed for serving wine ;40000;;Storage;General;0;active;"[""https://uqvbzzuoxnohuhkasrdk.supabase.co/storage/v1/object/public/product-images/products/1773843996608-5u137tz352c.jpeg""]";0;0;;2026-03-18 14:26:45.045661+00;2026-04-09 15:31:42.548202+00;;25913.23
60152956-71df-4c02-bc1a-275823d6ed21;Big Full Silicone spoon ;A durable, heat-resistant, and non-stick kitchen utensil designed for stirring, mixing, and serving.;35000;;Cutlery;General;7;active;"[""https://uqvbzzuoxnohuhkasrdk.supabase.co/storage/v1/object/public/product-images/products/1774867437497-mdxzgux9ah.jpeg""]";0;0;;2026-03-30 10:44:02.361349+00;2026-05-19 08:42:32.155363+00;;22691.17
c777362b-0237-448b-80f1-47333bfa8878;Pinacle 10L airfryer oven ;A high-capacity, 2-in-1 kitchen appliance designed for family-sized meals, featuring rapid air technology for up to 80% less-fat cooking.;100000;;Cookware;General;3;active;"[""https://uqvbzzuoxnohuhkasrdk.supabase.co/storage/v1/object/public/product-images/products/1775653892110-g20dv0fw1i5.jpeg""]";0;0;;2026-03-18 15:53:21.303622+00;2026-04-08 13:11:37.744721+00;;72633.37
bce051e5-1bb4-453c-afea-5cd736ce83d6;6pcs Spoons set;A utensil consisting of a shallow, typically oval or round bowl attached to a handle, designed for eating, stirring, measuring, and serving food.;1500;;Cookware;General;12;active;"[""https://uqvbzzuoxnohuhkasrdk.supabase.co/storage/v1/object/public/product-images/products/1775724661206-iuaso3zksv.jpeg"",""https://uqvbzzuoxnohuhkasrdk.supabase.co/storage/v1/object/public/product-images/products/1775724668150-79tvtc1jq.jpeg""]";0;0;;2026-03-30 08:37:25.847432+00;2026-05-07 13:32:35.466304+00;;950.15
e41ea382-55ed-47a2-9f04-b431e4e5f60d;24pcs Falari Cultery Set ;24-piece gold cutlery set. Crafted from high-quality stainless steel and coated in a luxurious gold finish, it combines elegance, durability, and modern aesthetics.;40000;;Cookware;General;2;active;"[""https://uqvbzzuoxnohuhkasrdk.supabase.co/storage/v1/object/public/product-images/products/1775662197244-i9y4dbe30w.jpeg""]";0;0;;2026-03-30 08:56:59.213045+00;2026-04-20 08:18:27.58035+00;;27986.29
f070a039-e408-4a29-bac5-1ebae896cf96;8 in 1 Bardefu blender 5082;A powerful 8-in-1, 9500W heavy-duty, multipurpose blender designed for home and commercial use.;70000;;Appliances;General;5;active;"[""https://uqvbzzuoxnohuhkasrdk.supabase.co/storage/v1/object/public/product-images/products/1774869451675-i57c8utmn6i.jpg""]";0;0;;2026-03-30 11:10:07.228141+00;2026-04-09 11:27:10.278223+00;;59144.32
ad32f4e9-e48f-44bb-a3de-44c2a33a3ec9;Dzire Z5116 Granite  pot set ;A 6 pieces pot set ;80000;;Cookware;General;4;active;"[""https://uqvbzzuoxnohuhkasrdk.supabase.co/storage/v1/object/public/product-images/products/1774866818497-v3j6y0pdu1m.jpeg"",""https://uqvbzzuoxnohuhkasrdk.supabase.co/storage/v1/object/public/product-images/products/1774866824619-k6202d8yqsl.jpeg""]";0;0;;2026-03-30 10:33:47.671167+00;2026-04-23 16:06:10.257032+00;;67042.09
f252588f-9c4b-4e98-ab01-e9f8f1ebb915;14pcs SMP Non-Stick Pot;A complete cookware set designed for convenient and efficient cooking.;90000;;Cookware;General;3;active;"[""https://uqvbzzuoxnohuhkasrdk.supabase.co/storage/v1/object/public/product-images/products/1775655109040-o6s43c7kk99.jpeg""]";0;0;;2026-01-28 10:54:28.793423+00;2026-05-07 14:03:04.176351+00;;60181.94
c050f0a2-bd32-44fc-8525-d88e3f7be852;Fruit Rack;Neat and stylish multipurpose rack. Perfect for storing fruits, vegetables, and kitchen essentials while allowing proper airflow to keep items fresh. Practical, durable, and great for everyday use.;25000;;Cookware;General;2;active;"[""https://uqvbzzuoxnohuhkasrdk.supabase.co/storage/v1/object/public/product-images/products/1775734246699-2ubfeu90ou.jpeg""]";0;0;;2026-03-30 08:42:35.871734+00;2026-04-15 11:47:00.188253+00;;15547.94
426e110d-3dfa-490d-b92e-38b4ad4f317d;Crownstar Shawarma panini grill; A 4-slice, 2000W electric maker designed for快速 toasting and grilling sandwiches, wraps, and vegetables;55000;;Appliances;General;1;active;"[""https://uqvbzzuoxnohuhkasrdk.supabase.co/storage/v1/object/public/product-images/products/1774862848009-3up1w5l15wp.jpeg""]";0;0;;2026-03-30 09:27:37.410886+00;2026-04-23 09:19:14.259495+00;;36099.59
a49789dc-f2b4-4c38-bef3-e06e2afca011;UCC Life ceramic pot set;A premium, non-stick, and eco-friendly cookware designed for healthy cooking.;165000;;Cookware;General;2;active;"[""https://uqvbzzuoxnohuhkasrdk.supabase.co/storage/v1/object/public/product-images/products/1774867038557-cgpry3zpl6g.jpeg""]";0;0;;2026-03-30 10:37:28.678158+00;2026-03-30 10:37:28.909512+00;;134084.18
42defb50-33a6-42b6-8a11-1eec92d3db0e;Philip Solar Iron;Philip solar iron;15000;;Cookware;General;0;active;"[""https://uqvbzzuoxnohuhkasrdk.supabase.co/storage/v1/object/public/product-images/products/1776786153907-0klcbuv444gd.jpeg""]";0;0;;2026-04-21 15:03:52.255845+00;2026-05-14 12:53:18.381801+00;;10723.26
fde511bf-b43e-49e0-81fb-67f23b3f933a;Eurosonic Double door Airfryer ;A high-capacity  (12L total) digital appliance designed for versatile, oil-free cooking.;115000;;Appliances;General;2;active;"[""https://uqvbzzuoxnohuhkasrdk.supabase.co/storage/v1/object/public/product-images/products/1775639248107-xycdi0tk1y.jpeg""]";0;0;;2026-03-30 11:16:19.661569+00;2026-04-27 11:13:10.898021+00;;98573.86
4a55b254-672f-48ba-a6ad-56d3a1d8e2a6;Qasa 20L microwave with grill;A compact kitchen appliance designed for rapid heating, defrosting, and grilling.;120000;;Appliances;General;2;active;"[""https://uqvbzzuoxnohuhkasrdk.supabase.co/storage/v1/object/public/product-images/products/1774868387948-w5fp1juvse.jpeg""]";0;0;;2026-03-30 10:59:59.098855+00;2026-03-30 10:59:59.412625+00;;89235.29
2f06ae1b-e506-4e56-b92a-ca3bac9c1b00;Steamer Pots;This 30cm Steamer Pots are perfect for steaming vegetables, moi-moi, fish, and dumplings, preserving nutrients and flavor.;40000;;Cookware;General;2;active;"[""https://uqvbzzuoxnohuhkasrdk.supabase.co/storage/v1/object/public/product-images/products/1770905821748-sfcxxfnfm9q.jpeg""]";0;0;;2026-02-12 14:17:24.268782+00;2026-04-28 10:48:22.737661+00;;24206.62
32141c3c-eb67-40c0-b72d-40a896db4c90;3in1 Kenwood breakfast maker;A compact, multifunctional appliance designed to prepare full breakfasts, including toasting, frying, and brewing coffee, within one small footprint;55000;;Appliances;General;1;active;"[""https://uqvbzzuoxnohuhkasrdk.supabase.co/storage/v1/object/public/product-images/products/1774868214256-3dk03z1pbrx.jpeg""]";0;0;;2026-03-30 10:57:02.058389+00;2026-04-09 15:31:45.515102+00;;39429.55
9f49d6ff-5a21-4221-a82d-2826f52d1f5e;16pcs Dinner Set Marble Blue;16pcs Dinner Set Marble Purple;60000;;Cookware;General;1;active;"[""https://uqvbzzuoxnohuhkasrdk.supabase.co/storage/v1/object/public/product-images/products/1775663483946-kh88ir6daxo.jpeg""]";0;0;;2026-04-07 17:33:02.244023+00;2026-04-08 15:51:31.675539+00;;46643.81
a883d953-f637-43b9-8cb4-bbabb37a2c17;16pcs Dinner Set Black With Gold Rim;16pcs Dinner Set Black With Gold Rim;60000;;Cookware;General;0;active;"[""https://uqvbzzuoxnohuhkasrdk.supabase.co/storage/v1/object/public/product-images/products/1775660458335-qblhndut5b.jpeg""]";0;0;;2026-04-07 17:35:43.536773+00;2026-04-14 08:19:43.979154+00;;46643.81
e6145e08-3c8d-4c0a-8108-5af6d73b3810;Pressure pot Eurosonic 12L ;A high-capacity, durable aluminium pressure pot designed for fast, energy-efficient cooking.;50000;;Cookware;General;3;active;"[""https://uqvbzzuoxnohuhkasrdk.supabase.co/storage/v1/object/public/product-images/products/1775661998803-xwr5f2mpzid.jpeg""]";0;0;;2026-03-30 12:09:28.077509+00;2026-04-08 15:26:51.54644+00;;31128.59
77e23a67-4f4c-4793-a8bb-327ccd6df4b2;Spice grinder;A specialized kitchen appliance or tool used to pulverize whole, dry spices (such as peppercorns, cumin, and cinnamon) into a fine powder or coarse grind, enhancing flavor compared to pre-ground options.;15000;;Appliances;General;2;active;"[""https://uqvbzzuoxnohuhkasrdk.supabase.co/storage/v1/object/public/product-images/products/1774871995762-gpzoazjo08h.jpeg""]";0;0;;2026-03-30 12:00:08.292823+00;2026-04-09 15:31:41.214093+00;;7263.34
535993b6-44c4-4a4e-81c4-95074235cd6c; 2-slice sandwich maker;The 2-slice sandwich maker (specifically model ES-8006) is a compact, 750W electric toaster designed for quick, 5-minute meals.(Eurosonic and pyramid);17000;;Cookware;General;9;active;"[""https://uqvbzzuoxnohuhkasrdk.supabase.co/storage/v1/object/public/product-images/products/1773659995603-cj4qgddmncn.webp""]";0;0;;2026-03-16 11:20:19.241059+00;2026-05-21 14:04:54.134872+00;;11409.11
7b6dcdb9-536c-4eb2-8bfc-4129fb703b7f;Small Tray;Small Tray;12000;;Cookware;General;1;active;"[""https://uqvbzzuoxnohuhkasrdk.supabase.co/storage/v1/object/public/product-images/products/1775660313749-5u2w7ll2yse.jpeg""]";0;0;;2026-04-07 17:38:00.917669+00;2026-04-08 14:58:52.865142+00;;7255.7
cb8dd565-202b-494c-a8ac-ec7e08a78d3d;Granite Frypan 30cm ;Granite Frypan 30cm ;30000;;Cookware;General;2;active;"[""https://uqvbzzuoxnohuhkasrdk.supabase.co/storage/v1/object/public/product-images/products/1775663221372-fb335d6rnmi.jpeg""]";0;0;;2026-04-07 17:47:01.792143+00;2026-04-21 11:01:08.115614+00;;20000
ee6d0d7a-c57f-4fc3-aee9-6f9220a2c2f1;Pressure pot Kinelco 9.5L ;A high-capacity, heavy-duty aluminum alloy cooker designed for fast, nutrient-retaining cooking.;45000;;Cookware;General;2;active;"[""https://uqvbzzuoxnohuhkasrdk.supabase.co/storage/v1/object/public/product-images/products/1775661931609-msbkhvuwjhs.jpeg""]";0;0;;2026-03-30 12:06:50.780438+00;2026-04-08 15:25:45.125751+00;;29053.35
797903de-6c00-4448-b1d6-c0ebb69b8aad;32pcs porcelain dinner plate sets Green;32 pieces porcelain dinner plate sets Green;150000;;Cookware;General;1;active;"[""https://uqvbzzuoxnohuhkasrdk.supabase.co/storage/v1/object/public/product-images/products/1775660247513-ssilvg75ds.jpeg""]";0;0;;2026-04-07 17:31:36.201626+00;2026-04-09 11:23:58.129093+00;;114018.2
0dacc5c5-77b3-4e04-b01d-fb7adb41ffeb;16PCS DINNER SET NUDE COLOR;16PCS DINNER SET NUDE COLOR;45000;;Cookware;General;0;active;"[""https://uqvbzzuoxnohuhkasrdk.supabase.co/storage/v1/object/public/product-images/products/1775661225555-gqaofcu141a.jpeg""]";0;0;;2026-04-07 15:43:42.571359+00;2026-04-20 08:18:27.350845+00;;27500
6a983d66-c1f6-4b8f-abae-ff5c8fe4d5e6;32pcs porcelain dinner plate sets Gold & White;Luxurious 32-piece porcelain dinner set with gold rims crafted with elegance, durability, and a timeless finish. Best for upscale dining.;150000;;Cookware;General;1;active;"[""https://uqvbzzuoxnohuhkasrdk.supabase.co/storage/v1/object/public/product-images/products/1775660285668-dqu3gbuabds.jpeg""]";0;0;;2026-04-07 17:24:18.868458+00;2026-04-09 11:24:29.742239+00;;116091.26
fab50b0e-b55a-483e-85a5-3c35f42670e4;5L Pyramid cake mixer;A versatile, budget-friendly stand mixer designed for home baking, featuring a 4-litre stainless steel rotating bowl and a 5-speed motor with a turbo switch.;60000;;Cookware;General;3;active;"[""https://uqvbzzuoxnohuhkasrdk.supabase.co/storage/v1/object/public/product-images/products/1775662113950-35djubd413l.jpeg""]";0;0;;2026-03-30 11:57:40.114337+00;2026-04-09 11:26:03.464104+00;;48768.12
92d659bc-e5f7-4947-ad00-70755821a382;16pcs Dinner Set Marble white and Black;16pcs Dinner Set Marble white and Black;60000;;Cookware;General;1;active;"[""https://uqvbzzuoxnohuhkasrdk.supabase.co/storage/v1/object/public/product-images/products/1775661139417-ky75xqhslhh.jpeg""]";0;0;;2026-04-07 17:26:53.855766+00;2026-04-08 15:12:34.616397+00;;44570.75
9a34e3c0-b76b-4d11-984a-eec16741c2f7;Table Mat ;A medium, individual covering placed on a dining table under plates, bowls, or hot dishes.;4000;;Cutlery;General;11;active;"[""https://uqvbzzuoxnohuhkasrdk.supabase.co/storage/v1/object/public/product-images/products/1775638683763-38dj1sa6zip.jpeg"",""https://uqvbzzuoxnohuhkasrdk.supabase.co/storage/v1/object/public/product-images/products/1775638707962-v4rd6z3xgjj.jpeg"",""https://uqvbzzuoxnohuhkasrdk.supabase.co/storage/v1/object/public/product-images/products/1775638795957-g8gku99j49s.jpeg"",""https://uqvbzzuoxnohuhkasrdk.supabase.co/storage/v1/object/public/product-images/products/1775638814371-5y8v2tak12o.jpeg""]";0;0;;2026-03-07 15:23:25.701817+00;2026-05-13 17:02:56.85878+00;;2280.36
333e2d39-13fe-40f0-a287-712c7ccb8b6c;16PCS DINNER SET BLUE;16PCS DINNER SET BLUE;45000;;Cookware;General;1;active;"[""https://uqvbzzuoxnohuhkasrdk.supabase.co/storage/v1/object/public/product-images/products/1775643614267-2vs2in95ht.jpeg""]";0;0;;2026-04-07 16:27:52.680271+00;2026-04-27 11:24:09.98033+00;;29000
ae6028a6-cbaa-4c71-8c78-7807ca0f9acb;6.5L Kenwood Airfryer;Spacious 6.5-litre air fryer. Designed for fast, even cooking with little or no oil, it’s perfect for frying, baking, roasting, and grilling.;55000;;Cookware;General;14;active;"[""https://uqvbzzuoxnohuhkasrdk.supabase.co/storage/v1/object/public/product-images/products/1769068168954-zxr8a92rlxf.jpeg""]";0;0;;2026-01-22 07:51:54.329391+00;2026-05-21 13:01:52.111803+00;"[{""key"":""Capacity"",""value"":""6.5L""},{""key"":""Power"",""value"":""2800watts""}]";32680.40
2212b959-cb8a-433a-a9eb-cf9bf066739a;Sieve with handle;Sieve with handle;5000;;Cookware;General;3;active;"[""https://uqvbzzuoxnohuhkasrdk.supabase.co/storage/v1/object/public/product-images/products/1776958274668-s5qstw4c4hg.jpeg""]";0;0;;2026-04-21 15:06:22.301578+00;2026-05-17 11:30:00.019428+00;;2068.88
4bb3664d-975f-4130-aae7-84a14d52f996;16PCS GREY DINNER SET;16PCS GREY DINNER SET;40000;;Cookware;General;1;active;"[""https://uqvbzzuoxnohuhkasrdk.supabase.co/storage/v1/object/public/product-images/products/1775725239829-kgdtc2hpbg9.jpeg""]";0;0;;2026-04-07 17:06:40.339635+00;2026-05-21 13:09:56.673351+00;;25929.79
cd0aaa13-8943-45d3-a2ed-f00d7fa46fd8;Parchment Paper Big;Parchment Paper Big;5000;;Cookware;General;11;active;"[""https://uqvbzzuoxnohuhkasrdk.supabase.co/storage/v1/object/public/product-images/products/1775647207829-bte1h7nq8j7.jpeg""]";0;0;;2026-04-08 10:06:08.251553+00;2026-05-21 14:07:29.789838+00;;2068.88
a3b8312b-50d5-47de-b71d-018d45f86841;8pcs SMP Non-Stick Pots;7pcs SMP Non-Stick Pot Set (3 pots + 3 covers + 1 frying pan). Non-stick, easy to wash, and perfect for fast, clean cooking.;60000;;Cookware;General;22;active;"[""https://uqvbzzuoxnohuhkasrdk.supabase.co/storage/v1/object/public/product-images/products/1771234082778-sbejvxgy69.jpeg"",""https://uqvbzzuoxnohuhkasrdk.supabase.co/storage/v1/object/public/product-images/products/1771234096568-i2kgxblfw3q.jpeg""]";0;0;;2026-02-16 09:28:25.37302+00;2026-05-11 11:36:10.647454+00;;44080.65
1fc6829b-c348-4670-a330-b1de9cd25874;small sponge;small sponge;500;;Cookware;General;2;active;"[""https://uqvbzzuoxnohuhkasrdk.supabase.co/storage/v1/object/public/product-images/products/1775663454677-gbbwrz25f1m.jpeg""]";0;0;;2026-04-08 14:07:08.294552+00;2026-04-23 09:13:25.328646+00;;400
eff6102c-7889-4aa5-93ab-a0b3572fbbdd;Silicone Spoon set with Wooden Handle;"PRODUCT DETAILS
11-Piece Silicone Spoon Set – A versatile set of heat-resistant, durable, and non-stick friendly silicone spoons for all your cooking needs. This set includes:

2 Slotted Spoons – Perfect for draining liquids while serving or frying.
2 Solid Spoons – Ideal for stirring soups, sauces, and stews.
1 Ladle – Great for serving soups, stews, and punch.
2 Spatulas – Perfect for flipping, scraping, and mixing.
2 Slotted Turner Spoons – Ideal for frying or sautéing without excess oil.
1 Pasta Server – Designed to scoop and serve spaghetti or noodles easily.
1 Basting Brush – Perfect for brushing oil, butter, or sauces.
Durable, easy to clean, and gentle on all cookware surfaces, this set is a must-have for any kitchen.";15000;;Cookware;General;12;active;"[""https://uqvbzzuoxnohuhkasrdk.supabase.co/storage/v1/object/public/product-images/products/1770909064233-ijr65stmcu.jpeg""]";0;0;;2026-02-12 15:11:10.294639+00;2026-05-13 15:09:14.910497+00;;11345.58
64219372-2dec-4227-a776-90c9673ea9c8;Full Silicone Spoon Set;Each piece is made entirely from high-quality, food-grade silicone. There are no wooden or plastic parts, this makes it resistant to heat, stains, and scratches;28000;;Cookware;General;5;active;"[""https://uqvbzzuoxnohuhkasrdk.supabase.co/storage/v1/object/public/product-images/products/1771230475625-cd214nbirzd.jpeg""]";0;0;;2026-02-16 08:29:25.73754+00;2026-04-28 10:48:22.737661+00;;15777.00
186b1444-56c5-4812-8702-558699bb814a;Crownstar Coffee Machine;Akai coffee Machine for producing sweet and lovely coffee;40000;;Appliances;General;1;active;"[""https://uqvbzzuoxnohuhkasrdk.supabase.co/storage/v1/object/public/product-images/products/1776786447042-avg61yb7rgg.jpeg""]";0;0;;2026-04-21 14:53:03.89934+00;2026-04-28 10:48:22.737661+00;;25531.57
c9150d95-06f5-41d5-85bb-8f404a6b2b7a;Dz5129 Granite Pot Sets;Durable 8-piece non-stick granite cookware set designed for large families, and everyday home use.;98000;;Cookware;General;1;active;"[""https://uqvbzzuoxnohuhkasrdk.supabase.co/storage/v1/object/public/product-images/products/1771231516911-pjmwze84xk.jpeg"",""https://uqvbzzuoxnohuhkasrdk.supabase.co/storage/v1/object/public/product-images/products/1771231524558-v442zzht3zi.jpeg""]";0;0;;2026-02-16 08:45:34.508681+00;2026-04-28 10:48:22.737661+00;;75746.23
c8f2c08c-e738-473b-9d6f-c852e1992b38;Crownstar Knife Set;This 8 Pieces Crownstar Knife setx contains 6 high-quality knives, 1 kitchen scissors, and 1 knife sharpener, all elegantly arranged in a sturdy wooden knife stand.;14000;;Cookware;General;8;active;"[""https://uqvbzzuoxnohuhkasrdk.supabase.co/storage/v1/object/public/product-images/products/1771231121028-dftrmtn80yd.jpeg""]";0;0;;2026-02-16 08:38:49.393166+00;2026-04-28 10:48:22.737661+00;;8000.00
7caed666-b017-43fb-9823-81e66e3faaea;10L Kenwood Digital Airfryer ;10L Air Fryer is a high-capacity (10-liter), powerful (2400W–3500W) digital kitchen appliance designed for oil-less cooking, frying, roasting, and baking.;75000;;Appliances;General;13;active;"[""https://uqvbzzuoxnohuhkasrdk.supabase.co/storage/v1/object/public/product-images/products/1775725072726-hvxwy7reps.jpeg""]";0;0;;2026-03-16 11:51:15.328545+00;2026-04-28 10:48:22.737661+00;;53361.86
c5e28e35-e283-4040-9d30-38b3885325e2;Hoffmans Coffee Machine;Hoffmans coffee machine;140000;;Appliances;General;1;active;"[""https://uqvbzzuoxnohuhkasrdk.supabase.co/storage/v1/object/public/product-images/products/1776786387078-weo2bt6qsl.jpeg""]";0;0;;2026-04-21 14:56:44.30921+00;2026-04-28 10:48:22.737661+00;;102126.26
a00842ab-b598-4002-97bd-f9f2a03ac329;Syinix Swallow Maker;Syinix swallow maker Eco NEW;120000;;Appliances;General;2;active;"[""https://uqvbzzuoxnohuhkasrdk.supabase.co/storage/v1/object/public/product-images/products/1776786361589-s63dujcwa4.jpeg""]";0;0;;2026-04-21 14:58:28.152295+00;2026-04-28 10:48:22.737661+00;;78637.22
0bfc9370-137c-4902-8a23-0d54113940fa;Jaypee Luxura glass;A premium, PUF-insulated food warmer designed for both stylish serving and long-lasting heat retention.;75000;;Storage;General;1;active;"[""https://uqvbzzuoxnohuhkasrdk.supabase.co/storage/v1/object/public/product-images/products/1773737340135-25zn8p1l602.jpeg""]";0;0;;2026-03-17 08:49:05.648635+00;2026-04-28 10:48:22.737661+00;;43534.22
78849f62-975a-4999-b025-36d14777fe2a;Paloma smoothie maker;Paloma smoothie maker;40000;;Appliances;General;2;active;"[""https://uqvbzzuoxnohuhkasrdk.supabase.co/storage/v1/object/public/product-images/products/1776786120947-bact9mflwjq.jpeg""]";0;0;;2026-04-21 15:04:43.093633+00;2026-04-28 10:48:22.737661+00;;25531.57
c271ed01-34cf-4b76-8332-fefd7a45a478;Vaccum bottle with 2 cups;Keep your drinks hot or cold for up to 12 hours. This sleek 500ml vacuum bottle comes with extra 2 cups and a stylish carrying bag, making it perfect for travel, office, gifts or outdoor use. Durable, practical, and a must-have for on-the-go hydration.;7000;;Storage;General;10;active;"[""https://uqvbzzuoxnohuhkasrdk.supabase.co/storage/v1/object/public/product-images/products/1769594092041-7tq0ken2zen.jpeg""]";0;0;;2026-01-28 09:55:06.644379+00;2026-04-28 12:18:28.032022+00;;4150.48
d48a6d0a-4c6d-4a6c-a8a1-3da8e045c4ea;Crownstar 3in1 sandwich maker;A versatile, 650-watt kitchen appliance featuring interchangeable, non-stick plates for making sandwiches, waffles, and grilling panini.;40000;;Appliances;General;3;active;"[""https://uqvbzzuoxnohuhkasrdk.supabase.co/storage/v1/object/public/product-images/products/1773666919404-erof59afxvv.jpg""]";0;0;;2026-03-16 13:15:23.594161+00;2026-05-13 17:02:58.345182+00;;26816.84
b3cb412f-c80c-417f-9301-30b808573139;Parchment Paper Small;Designed to fit 6.5L air fryers, this parchment paper prevents food from sticking and makes cleanup easy. Heat-resistant and food-safe, it keeps your air fryer clean;3500;;Cookware;General;12;active;"[""https://uqvbzzuoxnohuhkasrdk.supabase.co/storage/v1/object/public/product-images/products/1770911034972-41q8z7xnbc5.jpeg""]";0;0;;2026-02-12 15:44:00.513804+00;2026-05-06 11:29:14.302673+00;;1552.61
282536c2-2d54-4a73-a8de-c15b3f37333a;Vicalina 4L whistling kettle;Vicalina 4L whistling kettle;35000;;Cookware;General;0;active;"[""https://uqvbzzuoxnohuhkasrdk.supabase.co/storage/v1/object/public/product-images/products/1778162103741-z4urlgbjy9.jpeg""]";0;0;;2026-05-07 13:55:13.499209+00;2026-05-07 14:03:02.897041+00;;23855.41
4dc66e1c-18ed-4335-9ec1-118def0cdb8c;8L Kenwood Food Processor & Yam Pounder;Powerful and versatile kitchen appliance designed for heavy-duty food preparation. With a large 8-litre capacity, it’s perfect for pounding yam, blending, mixing, and processing a variety of foods with ease.;55000;;Appliances;General;6;active;"[""https://uqvbzzuoxnohuhkasrdk.supabase.co/storage/v1/object/public/product-images/products/1769703383391-c7jhwbciyde.jpg""]";0;0;;2026-01-28 09:33:50.843971+00;2026-05-14 12:51:24.543948+00;"[{""key"":""Capacity"",""value"":""8l""}]";32166.21
e7a9fd6c-0518-4c73-a449-e2fcdf428bd7;5L smart home food processor;A high-capacity, versatile kitchen appliance (approx. 20 cups) designed to streamline meal prep for large families or batch cooking.;40000;;Appliances;General;13;active;"[""https://uqvbzzuoxnohuhkasrdk.supabase.co/storage/v1/object/public/product-images/products/1774871533198-m7yf4lp75pk.jpeg""]";0;0;;2026-03-30 11:52:18.552326+00;2026-05-21 14:09:33.839913+00;;27662.42
6cd133de-c5b9-4d40-8ff3-101855e3242d; Piscasso Pot 8CM, 9CM, 10CM; Piscasso Pot 8CM, 9CM, 10CM;30000;;Cookware;General;1;active;"[""https://uqvbzzuoxnohuhkasrdk.supabase.co/storage/v1/object/public/product-images/products/1778581793507-p23q53upoqi.jpeg""]";0;0;;2026-05-12 10:30:18.227332+00;2026-05-17 19:37:52.244803+00;;15000
b474bae7-d253-4a6e-83b6-eb37b38f4473;5L Stainless Whistling Kettle;5 Litre Durable stainless steel kettle with a loud whistle alert. Heats water very fast and is perfect for home use ;15000;;Cookware;General;7;active;"[""https://uqvbzzuoxnohuhkasrdk.supabase.co/storage/v1/object/public/product-images/products/1771234700282-ufew8dgd018.jpeg""]";0;0;;2026-02-16 09:38:28.926589+00;2026-05-13 15:09:12.985516+00;;8610.54
2db936ca-8ae4-4e05-8ad0-cd1b2a83124b;Akai Sandwich Maker;Akai Sandwich Maker;17000;;Appliances;General;6;active;"[""https://uqvbzzuoxnohuhkasrdk.supabase.co/storage/v1/object/public/product-images/products/1776788506138-r0x7i8ye73g.jpeg""]";0;0;;2026-04-21 15:02:11.050878+00;2026-05-13 15:09:13.282659+00;;11233.89
b3fb032b-dfe1-4a95-b22a-8a19860a8b81;Oil Spray Bottle S;Oil Spray Bottle Short;5500;;Storage;General;3;active;[];0;0;;2026-05-19 16:03:07.738146+00;2026-05-19 16:03:08.089456+00;;3722.24
1e9892c4-4f41-4388-af88-823ee2bad3a0;Benizone Dry Iron ;Benizone dry iron ;15000;;Cookware;General;2;active;"[""https://uqvbzzuoxnohuhkasrdk.supabase.co/storage/v1/object/public/product-images/products/1776786325372-l9ra20shzbi.jpeg""]";0;0;;2026-04-21 15:00:12.720282+00;2026-05-21 14:10:05.072717+00;;7659.47
18fd4271-7baa-40d4-86ef-7c0ad31352cd;16pcs Dinner Set white ;A white dinner set is a timeless, versatile tableware choice that brings clean, minimalist elegance to both everyday meals and special occasions.;40000;;Cookware;General;7;active;"[""https://uqvbzzuoxnohuhkasrdk.supabase.co/storage/v1/object/public/product-images/products/1776788661343-61yu0punuil.jpeg""]";0;0;;2026-03-16 14:35:12.118057+00;2026-05-21 13:18:05.003441+00;;27929.94
95b0a944-9ab9-48ac-86b1-9b486d774e42;5L Kenwood Yam Pounder (Food Processor);5L Yam Pounder & Food Machine, popularly known as Food Processor. Comes in 3,000 Watts. Pound yam, blend, mix, and process food with ease.;33000;;Appliances;General;13;active;"[""https://uqvbzzuoxnohuhkasrdk.supabase.co/storage/v1/object/public/product-images/products/1771235116189-o5o0l4lhkli.jpeg"",""https://uqvbzzuoxnohuhkasrdk.supabase.co/storage/v1/object/public/product-images/products/1771235209537-xnesww251u.jpeg""]";0;0;;2026-02-16 09:47:22.142801+00;2026-05-21 14:04:53.786421+00;;17206.59
40d561d7-ff71-4dd0-acfd-495bcb7455ed;Cupboard cutlery rack (wooden);Cupboard cutlery rack (wooden);25000;;Storage;General;1;active;"[""https://uqvbzzuoxnohuhkasrdk.supabase.co/storage/v1/object/public/product-images/products/1779108888374-49upm3xl3bf.jpeg""]";0;0;;2026-05-18 12:54:54.001355+00;2026-05-18 12:54:54.348178+00;;19142.93
688f9e17-156b-4c9a-adeb-1b631d4d9da0;Wooden rotating spice rack;Wooden rotating spice rack;32000;;Storage;General;3;active;"[""https://uqvbzzuoxnohuhkasrdk.supabase.co/storage/v1/object/public/product-images/products/1779178800452-r7m5u6vlpf.jpeg""]";0;0;;2026-05-19 08:20:06.05505+00;2026-05-19 08:20:06.685666+00;;26587.4
80f90a2b-e2d3-4b33-9719-12ac4acd9c81;Donor Aura Nonstick  Pot Set;A premium granite-coated, German-technology cookware collection designed for durability, even heat distribution, and healthy, low-fat cooking.;165000;;Cookware;General;2;active;"[""https://uqvbzzuoxnohuhkasrdk.supabase.co/storage/v1/object/public/product-images/products/1773840485839-a7k7pax2iw6.jpeg"",""https://uqvbzzuoxnohuhkasrdk.supabase.co/storage/v1/object/public/product-images/products/1779179241452-ow7haewck.jpeg""]";0;0;;2026-03-18 13:28:10.027689+00;2026-05-19 08:29:53.040281+00;;138254.5
fecb237c-2f43-4a38-b670-7b20f61b47bc;Kinelco 4 Slice Sandwich Maker ;4 Slice Sandwich Maker Batch  B;28000;;Appliances;General;6;active;"[""https://uqvbzzuoxnohuhkasrdk.supabase.co/storage/v1/object/public/product-images/products/1779206271915-xx7616uwsu8.jpeg""]";0;0;;2026-05-19 15:58:08.490795+00;2026-05-19 15:58:08.796895+00;;21801.67
8cc4044b-dfc0-4c2a-841e-59e72a445576;UCC life Granite pot set;A durable, aluminum-based cookware featuring a premium, non-stick, and scratch-resistant marble granite coating, typically PFOA/PFOS-free;165000;;Cookware;General;4;active;"[""https://uqvbzzuoxnohuhkasrdk.supabase.co/storage/v1/object/public/product-images/products/1774865637948-od04bmlgsn.jpeg""]";0;0;;2026-03-30 10:14:07.283536+00;2026-05-19 16:07:29.687887+00;;139241.26
e3d6682f-7455-4043-b891-596bc3fdc7e1;4.5L Kenwood Blender;A powerful and spacious blender with a 4.5-litre capacity, perfect for blending large quantities of smoothies, soups, sauces, and more. Durable, efficient, and ideal for family-sized cooking and food prep.;55000;;Appliances;General;4;active;"[""https://uqvbzzuoxnohuhkasrdk.supabase.co/storage/v1/object/public/product-images/products/1769516536926-j4f7cb0865.jpeg""]";0;0;;2026-01-27 12:22:32.205623+00;2026-05-21 16:05:57.100022+00;;31237.23
fea2ec33-4d27-42d1-bb65-179fc07242be;Uakeen stainless steel pot with glass cover;Uakeen stainless steel pot with glass cover;170000;;Cookware;General;2;active;"[""https://uqvbzzuoxnohuhkasrdk.supabase.co/storage/v1/object/public/product-images/products/1779205605617-hzusylng7j9.jpeg""]";0;0;;2026-05-19 15:46:51.634459+00;2026-05-26 09:09:00.072362+00;;148889.47